live2d/baerdimo_5,2676970,9332998d5642609b62fd0def6282e9da
live2d/abeikelongbi_3_hx,3678655,279df561ce0627ed01471008bf12bb0d
live2d/aimierbeierding_2,1690628,003c851c2ff3ac279c8114f17dc6dc27
live2d/ailunsamuna_2,2691181,e9cd90dfc8d480e9ab60dc1267e30d27
live2d/aierdeliqi_4,2103162,f2554c7dd0cd1a8f3cd7f01bf350f6f5
live2d/ailunsamuna_2_hx,2697888,0e7cae6f1c7554f6fdf9a0b0bac9a38e
live2d/boyixi_2,4445841,f521dc0021167918cfbc614ec0aa8a4a
live2d/bulaimodun_2,2624801,e87220921c32b7264d5c71baa9be92d3
live2d/beikaluolaina_2,3226207,d81096a229bffab6eaeaefc76c32c035
live2d/bola_2,2594035,382c7c31dc32b62d494b2c86a88d7ecb
live2d/bulaimodun_4,2855792,75b501d231abd3dc707dea10845ef32c
live2d/banrenma_2,2298540,4c683eef57438293c71292cdc92c218d
live2d/beianpudunii_2,2998563,57199f08ea4fe2b19a7eed7dee3a2f1c
live2d/biaoqiang_3,2000817,c55dd8a344a7d74863c6600a3a943205
live2d/beierfasite_2,2629278,157661c718221465db237b9d7c9a9fb4
live2d/bisimai_2,2240407,98417616abe2654516c534b8def8cdf4
live2d/bisimai_2_hx,2231257,44c1438d6dba50adeff6eb3de6c1e502
live2d/beikaluolaina_2_hx,3291271,ad3cef88898fb013ccb9e003a7ce1505
live2d/bulaimodun_4_hx,2869055,a5ba665af1bb5c482fc99565d86ba590
live2d/aimierbeierding_3,3276774,ae38e06c5569ce7c3b6ed9785e7009e1
live2d/aidang_2,2060663,897eff0c0f9d151e5dc89380c72f9492
live2d/aisaikesi_4,3096793,02557ea7bd9cc54e1c04f49d995e1254
live2d/abeikelongbi_3,3654227,5f0ceb39a5664aa186338bc728347c27
live2d/bulaimodun_5,3449754,8fd808747312a1f0da3bc26dca1fe898
live2d/chuixue_3,1841063,d1ede4b92ed570e31b53546edfe58c9b
live2d/aierdeliqi_5,3103579,4c9c7819068e7da04e6bd076ed32e925
live2d/chaijun_3,3896174,67eea929f1dfd536c875cb58a9e7d85c
live2d/buleisite_2,7341137,a97659157cc1d023e028d0ebf8e532cb
live2d/adaerbote_2,4159452,0f34c8b1678a2ea67f90b1906c5634bb
live2d/aimierbeierding_3_hx,3251154,31ccd52ebd0d2c959391e8e2faa01abf
live2d/dafeng_4,1695667,0150f0b213f01806b313403a78a15945
live2d/dafeng_2_hx,2156641,926a33f3af7e661004b29410293d7041
live2d/dafeng_2,2134359,dbea9634064ce075ee353a43c24de80d
live2d/deyizhi_3,1822032,887819cd7f40f09e681d27bffaba7531
live2d/dujiaoshou_4,2203645,b2b4bac7dc50d31bed51f58db118b614
live2d/edu_3,1820140,b067c7a5358875f855f79d3c217f01dd
live2d/edu_3_hx,1820112,26959be333e3547b80b8cd60abdabecb
live2d/aimudeng_2,8049454,86860a9ee8d9cf50b2b03f750cb00e0b
live2d/genaisennao_2,1923110,12be55ab64c9585bad5b98cef3fba53b
live2d/heitaizi_2,2366016,57af3271d3d341ed0b5ca82c1a1507f5
live2d/dunkeerke_2,2403174,fe6a1e23c34872242b0990e991b0b031
live2d/hemin_3,2152173,100c7b484b25fd7a51c539a1abdea060
live2d/chaijun_4,4600959,77869f631d468e389d01fd3336e31554
live2d/baerdimo_6,6350088,f3da2bd840610282c751539e7dac01dd
live2d/hemin_2,2423342,4c15aa4b920f8bfb0f917a73a2bdf1e5
live2d/chicheng_5,4754153,5fe0b711fdcf1c1e4d02c924f2f023ec
live2d/huangjiafangzhou_3,2423372,dd5807f78f7d55abcbffb80d166ea292
live2d/jialisuoniye_4,1562023,eaf457ce4941bf48d6edeff658f9988d
live2d/edu_4,2803188,e918d702e1a0993db62daf8d8b674c7a
live2d/kubo_2,1732379,c8de8a78e13326c540cc7fa13d65b1f1
live2d/huonululu_3,2365163,0d50f62bb78653691e3569b5e637b953
live2d/kelifulan_3,2670437,8315f3df0c246b52359e7a76a3597e3a
live2d/jianye_2_hx,2281459,653343aaae01b439150d90f40d0467ce
live2d/aijier_3_hx,11192203,b3becf53a8b2703bd13b64666e391831
live2d/junhe_5,2356321,37b450dc177c2a22a4bbee41d35d4017
live2d/linuo_3,2936823,28fe67ff10301a5f55dfdca5250ee4c8
live2d/junhe_4,3476255,843d6bcaeec83eecb6d78e440349ed10
live2d/jianye_2,2269948,19b6dca640938ef63bc8ffcdbf091655
live2d/leigensibao_2,2549368,9bf576584c2bbd7785020ec257515573
live2d/jialisuoniye_3_hx,3433473,348955f9da98eb4cbaa85bacd787571c
live2d/lafei_4,2766496,010569d70d3d87b4d145a8710ab9b353
live2d/lingbo_10,2434811,e38052fa4572fe7db7b3b9d85868a6fe
live2d/linuo_3_hx,2952926,2a53957da92b99c9d8c8999f83fe86d8
live2d/lisailiu_3,2855535,6e26114af40d741b104e9117af324d9e
live2d/chaijun_4_hx,4606899,9021d51a036e38f31840334c87ce6fb2
live2d/nengdai_2,2958548,a41a650be727a65516a58134159ddda4
live2d/luyijiushi_2,3155398,6fbf9fc50b4cf503cc52cead74e1b217
live2d/dujiaoshou_6,3242475,6fd1d96e4e11f3042d7a943d5f319d6c
live2d/longfeng_2_hx,3646931,ecdab24c40f33bc5d0caffba19901307
live2d/ougen_6_hx,2808060,b0663558a8fb42958ad86b5fa410ed4f
live2d/ougen_6,2802976,b180693ad9c18fa5cd141054fd3cf160
live2d/ninghai_4,2322720,06e4348776171c47ce37414b60ed0fb1
live2d/jialisuoniye_3,3428541,1f4b864cca078b5f0ef501f7c89513bb
live2d/pinghai_4,2265970,cd9439518e3ceefbbb2b1b8ae7ccfef4
live2d/ankeleiqi_2_hx,8512300,4d13a98ac54bb9e5ae92d430782419b4
live2d/ankeleiqi_2,8530782,610c5890630efa80dfe011afddf6b9c8
live2d/huonululu_5,4357264,fc5752205751b7ba9517086cbdf4259a
live2d/jiuyun_2,3422003,ffa76e46cf38b9956edf7700a4af8df0
live2d/longfeng_2,3647873,4d2090c0672d64982d754d31d70b8d58
live2d/kalvbudisi_2,3237075,fd50161ba6915932289435bf0b02c522
live2d/shengluyisi_4,1845327,912300e65f7fcc5611ac2ff47f21076c
live2d/kuersike_2,3129131,8a33aac8f94a1bbd2282f2828bbeb33a
live2d/daofeng_5,8047329,af1a82475e1d9d10d8068dc7338b059f
live2d/qibolin_2,2451060,a3d71dd9355b1fc43963979d20e4e400
live2d/lisailiu_2,2992509,bd799bca0d9428b2d360a792dee21a4c
live2d/ouruola_4,2674933,2487a88e7447bc826b4f9ece1be8af47
live2d/daofeng_5_hx,8028073,8ce0d0297202214872082c5d96a2b2ae
live2d/rangbaer_3,2184918,70e66599a4c68b0c7756ead89a52c6be
live2d/taiyuan_2,1202525,924ffd1b0190227ef8bc59098eba7ca7
live2d/shengluyisi_3,2407116,c8002233c3202bdf94fc3cd32d075e47
live2d/sipeibojue_5,1863760,af097535339d6394e17d7fa6f02c3b96
live2d/weiyan_2,1520558,cd300c7cac522265c68e7786f31c2909
live2d/shengluyisi_2_hx,1694694,ba6a903dcecac866f6988c79022ef67f
live2d/tierbici_2,1736864,001af608c100507a3f53e1c371380c12
live2d/tianlangxing_3,2461852,a4496445ec15124f8863e0fc92595841
live2d/wuerlixi_2,3040512,5cfbad8d5e1a9bfe1fc55cae1191c4d5
live2d/xuefeng_3,1811492,f8b057587f9adc345a4aeb55ae96bf49
live2d/xukufu_2,1621867,16c39b4037285fa3cb083d4f8800ebb5
live2d/shitelasai_2,3917333,ff35897873d9b1cc830f23eba70d25e2
live2d/weiyan_6,2474509,e9fc463b3f73923db54f3d28288103ce
live2d/z23_hx,752652,a0928d32516f4fb8b5e1a82eeb532d66
live2d/xixuegui_4,2034342,6879f21f0a197da8ab925e7fe5383e44
live2d/wuqi_2,2635467,1da0dc82e89181d83e0b17c0e47b3c97
live2d/xukufu_3,3332991,50e8a19f4a641ea119b312767c932d4e
live2d/luoen_4,4068722,cd20fb30ab9770539902b9400ebbee10
live2d/dafeng_3,3322993,fb1acb0c68ea904d3a85f401c6fd52a6
live2d/kalangshitade_2,3501168,ff7c26f37ce029e37b5aeae69b13bb3f
live2d/ougen_5,2882812,8ab218629d2abdc944548e44f13a6182
live2d/guangrong_3,3085482,303d8653d9bd5f27db517e0212878c99
live2d/pinghai_6,3438862,b4597e11c33f5e8fe67bc8089ef2e4e6
live2d/qiye_7,3787920,15d8d252e6472f1806fa56dc67fbf2f6
live2d/yanusi_3,3309990,3ddbb6d77736138520be26fdb7f784a5
live2d/jiluofu_3,5553060,4feda2b9f591c4ad136108fc0b571f85
live2d/z46_3,1921046,cb3509ad10f3e996161fbbaa16d31457
live2d/aimudeng_2_hx,8076934,a44bff255205f409515fdad33a4aca0d
live2d/lvzuofu_2,3224240,98b04f2cdb6b324eab7e7f13c26bff18
live2d/xukufu_3_hx,3321565,f4cbc0cf0dfaddadc7f30f119c39c331
live2d/rangbaer_4,4127787,44b0c1c2ac5dad6cc7ed8a3b57f54fd0
live2d/weiyan_4_hx,2971982,b1e49ef1130c0b2c231d95256b5b4736
live2d/yichui_2,3078172,ddf8b9309b008098a63d3bb4d2a46742
live2d/nengdai_3,4095099,7277481381b85be1d69ebbdf2f2b7fc2
live2d/yingrui_3,3461081,a236eb3a3ff69664bb12e1ac95967aba
live2d/xianghe_2,2662719,0efb869f93edda78cb4c1c495593a7c5
live2d/weixi_2,3400315,18f171c624acc0a0c8dcaf7dfb25ab2a
live2d/z46_2,2583020,78a10c5b1fbcfe0f945363b256abc5ee
live2d/weiyan_4,2963788,d04c619fdfabea27b6c345f527e9d6e3
live2d/weineituo_2,3260273,1b0e861a7afefcf5d4434613652a3015
live2d/z46_4,3072981,95188020d693089b3bca4ab554b0e11d
live2d/aijier_2,7212229,32153fa7501b691a3e793e55571b87b2
live2d/qiye_7_hx,3785107,78ca7b04bac8a27708e3aaaa4424dc85
live2d/haiyinlixi_2,6087959,351cb54061a936c10581da3fb9add033
live2d/zhala_2,2268905,4b0c50aa55b5093c5aa24a4e8e98e42a
live2d/xinnong_3_hx,7461300,c9c39f770b9a92f0bbb14bfab8ec635d
live2d/yilishabai_6,4782094,72f5f97ac1bd481f4197cfa089d31f11
live2d/qianwei_2,7623461,d7e527dca61516ac33606378f53ea10e
live2d/jianye_3,7235588,6b23d531e69ce6c881021b9fdd9cdb08
live2d/xinnong_3,7459478,db739dda83dc4f2a7625a2a09cdbf8c9
live2d/lupuleixite_2,8129228,92781a96d4f2ca2d0bef3c26d4340327
live2d/zhaohe_3,6714548,d582d2093f6260d1e1652ce08118e0d4
live2d/aijier_3,11130798,ee453bb91dae50bc01eb0538bbcc894e
live2d/luoma_2,8448590,d76f3139167639cc66f1f7ecbfe351aa
live2d/maliluosi_3_doa,8641408,dadafd613518f64ff5e8391f19463871
live2d/xinzexi_3,7922325,fc37bf4643b149b4fbdc6ad218055ba5
live2d/yibei_3,10949826,238919c66e84f56d804da100a5d3244b
live2d/geliqiya_2,7505303,dd5380f5367055dd62a87edcada89e61
live2d/hailunna_4,3454662,f8b2600e955f07aa8d105956a008bec2
live2d/kelaimengsuo_2,5777746,e4cc574d0d66b29fcfbae0496f5f4273
live2d/jianye_4,9889227,ad6ae70bdf4e8d216fb7a72c021e93e8
live2d/chuyue_2,7127200,1323481b9493839b79fc521ff24dc45c
live2d/qiye_9,9098977,2d2794bb80e57e881a4e69524d6b6fb0
live2d/yunxian_2,8592938,8e1de47389a8d4c79ee2da98a70653d3
live2d/dafeng_6,9935739,4fb944ad1395273eed5e8b3c8c752adc
live2d/xinnong_4,10544199,e8d3e3480da8f3ccb5f78abcc5ffdf8f
live2d/bailong_3,4218089,f9d658d6d6e5f4e80938ce15bd67d847
live2d/tiancheng_3,3718198,c71b4371ec48597df6a18231c2db76f0
live2d/wuerlixi_3,7024011,2d16f0121b2ccf9ce9ee1ab2b52a99ea
live2d/jinluhao_2,9052720,18f4a2c432a7094e462ef6e1f9b01598
live2d/daofeng_4,4236173,e1ec23352a7aec57d8f3b59c318c439d
