cue/cv-90111.b,4841344,8b5fb10653a90469a9d29fcb46f15d2a
cue/cv-80501.b,4455776,e8c41edc6a6b6e221e53c3e38dbb86c3
cue/cv-50203.b,5557056,62914542871ec31684c3d53960752d55
cue/cv-80107.b,5417856,386bdddb832d77bfb924f975aa2b30e3
cue/cv-90201.b,4050144,7a902bfce7ac3a33088bfeb35d41fa95
cue/cv-99901.b,3397952,d08aa311933487f915d8a907fe662e97
cue/cv-70701.b,3963552,82ebc20ab6fdfb59981937c6f31eec17
cue/cv-70501.b,3659392,585d18561473cc38636f9b2efe4af76a
cue/cv-extra.b,3177920,b093b371b6e313886974dcdd17474be4
cue/cv-970703.b,1545024,b79eabfec50073aead02a0b971b565ba
cue/cv-40304.b,4405216,99b87763e82d906a4983e75748abb494
cue/cv-50202.b,5837696,06bf5048907e8233dd251b957948a8d2
cue/cv-90102.b,4171168,95f03883485e8f1df329dffdfcd874ae
cue/cv-40805.b,2418016,b521e48fef115604057fbec144c1febd
cue/cv-40504.b,3081792,88dc33ec7b839ae5677814107d69859a
cue/cv-970501.b,1965792,62eee318ccd1c9a39e3f9d3cedc1f49b
cue/cv-39901.b,4499104,e2d847dbe78d794ee512a25b1cfca5ac
cue/cv-80102.b,5191360,eca7279b4068ba342ac383b152a7a65f
cue/cv-90503.b,2754016,33ec17dc85d667385d8b304c9b8d7eb2
cue/cv-970201.b,1565280,1b948865dad8e10990344b283ecbb538
cue/cv-40310.b,3692608,de94ef78a5d851175cd5ee65bd18b8f6
cue/cv-50104.b,2445344,1478bbfc6d504272de1824d54ecdf158
cue/cv-30164.b,4890080,a3a486e9c97b80c4694d696a3fc2f9a7
cue/cv-70108.b,2182400,a04e38a9ee89d031395d88b812adf29d
cue/cv-30705.b,3043488,34b18cecf1d4bbfc3258892f601cc212
cue/cv-970702.b,1385536,b06456349e267aab1327c528f0cc2ad1
cue/cv-69901.b,2466400,4a298852887c3b53d4376259b694f081
cue/cv-30501.b,4011168,ec3c46d943741bd974f460b7bb7960bc
cue/cv-40308.b,1995776,1d281a740ca067738f6ef2495b126d20
cue/cv-49904.b,2571168,7eaa5f375ae2b360c3e4f928505a2a52
cue/cv-60801.b,3342624,18b3835d1c37cd2e779d78f93a016421
cue/cv-60103.b,2228032,82638f52844f51c783cc8b18eac929ea
cue/cv-60107.b,4347488,77a13687fa7539a4b6d368f2e236cf8f
cue/cv-970402.b,1444480,d1bc29c3c7c11a66d9f0610b2e4c43d3
cue/cv-60701.b,3541440,5253396989cdb2c583194e158a5535aa
cue/cv-40146.b,5413664,149e67dff408de3885f027df67659ceb
cue/cv-89901.b,2823264,e66c85ea7ab09dd250e2f8d15fe5960a
cue/cv-60301.b,3217024,6e94a934f4581ae829b4c4646b55aea9
cue/cv-40305.b,4499936,acd28ffaf06063dd379ba26dafed1c1b
cue/cv-60702.b,3637920,c983d40603c425fa8c75b624a7adf364
cue/cv-80201.b,3684448,d07a70fba7626e5d0748427f21a9c20e
cue/cv-30184.b,3568768,ef873415790839b4cf5c56c6c499f7fb
cue/cv-70206.b,2373312,fe6446b4f885effa6e9550e502a112ef
cue/cv-970701.b,1486880,5384f14999b1f904ebe13a698b77bd39
cue/cv-90401.b,3251168,68e0164c76c315ab13fa1b8cf05b0798
cue/cv-970502.b,1889792,8f7e86d7b088a99394dd36bc10a8c9fa
cue/cv-31201.b,4932800,a363622c94074d8f3f86f9fc348c9ca8
cue/cv-shop.b,331648,468edd281d9527684463d2ff5906ed18
cue/cv-70109.b,3775936,97b4befd707de709aca3a61f82aba4e3
cue/cv-70107.b,2803456,c532fece4c2730ebaedc9250917af984
cue/cv-502082.b,2352192,c7e4c3e8221c219e96564ec35f8ea7c3
cue/cv-90101.b,3581792,3986b87a9450763e4d8b882c35064a99
cue/cv-90501.b,4633824,f5c28f381ee00d05826d222d8ef6ff10
cue/cv-71801.b,3613792,1dc6c82a184c0ea691806f6b59c16c2f
cue/cv-40303.b,4614976,bf9f24171044426840851b7c8769b377
cue/cv-50101.b,2543584,d78b5344b993f528c927c5596a65e415
cue/cv-970702-battle.b,197056,e67c2689a5c7ae057a3f01ce0ea76dd4
cue/cv-39904.b,3533760,8041cf9baa559dd37d199d0929a192f9
cue/cv-970703-battle.b,157696,3d6966b44369fb39bde01533ac21baf6
cue/cv-502032-battle.b,301408,506168c04566008d64c919788a3decdd
cue/cv-30309.b,3392736,b4d6c713ebc743b97764a5e534dbd0d6
cue/cv-502042-battle.b,191616,502beb018231c3ce6cc873c397c33c03
cue/cv-70105.b,1823424,ebfa819a192170697bc31871b3913ac6
cue/cv-80201-battle.b,138656,b67dd2eb2d2bbae81cb81811a6ab51de
cue/cv-970403.b,1813536,e23f599b72503998fc37e4e248b1965d
cue/cv-70504.b,2606720,c9b2ba3e0003a125f7dbe12d78b1463c
cue/cv-70506.b,2890272,bfee8c49e81156e0e189f316d643734d
cue/cv-80202.b,2640160,86b81e6ee686d096b3f91216278d4304
cue/cv-70301.b,3324832,42da444e8c8baeb113fa5719b62f3e54
cue/cv-40205.b,2980288,71f41f1797a7a4533f475f8415fd5348
cue/cv-501042.b,2125344,3a47db590a765f6f26ea842b6f854867
cue/cv-50208.b,3192960,5d306e8549320d266fbf183c8345b4ed
cue/cv-30514.b,4186816,3bd63529a9ab53b89d510d66600ed42e
cue/cv-40703.b,3556640,3f2474957c7c1df769fc84ea661f750c
cue/cv-20712.b,4066848,7959c7778f10337c55e440ab07643c44
cue/cv-40101.b,1817056,cb6a65ce3f19dbf35bc7f715ce20d456
cue/cv-39902-battle.b,269120,e7a857cc0119f88f853c0ca06397dfe5
cue/cv-60105.b,2299168,3d0e2522e15805ccedf87469277972e8
cue/cv-39904-battle.b,293216,d7435e7b6f653ef9e11f34e81473f6ae
cue/cv-60201.b,2707616,008bb40de3595a74b1086b8ee63e31ae
cue/cv-60506.b,2583616,de8ed5ece2838b0b5f6c896e16e03261
cue/cv-70104.b,3266944,f1b4753911b89fb40ab3bc5b75316650
cue/cv-70206-battle.b,186592,7b1b1bd5b4fb8c2acfde4f406c7b8ef5
cue/cv-80107-battle.b,590720,b7762a2dfa3d0af5b5a480c3410762bb
cue/cv-49902.b,3475264,f0e03f7516241dc2629edd4fc38df786
cue/cv-40125.b,2019200,5d9ee6194b791767e9ffea0bf010f294
cue/cv-90112.b,2348320,898bca39e81db2edb995b5b2b3cb0abf
cue/cv-70106.b,2077760,a3d90ace9eb1d899a94a2172788a1f64
cue/cv-60302.b,2606720,a64897cb9243e13dcb03721b8818bd50
cue/cv-501012.b,2390144,9cb5d3904caf805e9dc5c2571c9ef094
cue/cv-49901-battle.b,426912,b8e94d62595cd03e311ad875446ac3f5
cue/cv-40804.b,2031136,0cece8284dea12a559de3eee5e830728
cue/cv-40812.b,3369440,d4bfe325e47863bc312bd7cd4ce5dd16
cue/cv-30710.b,2000896,267de4d67fee7d74761d47b2641ec15c
cue/cv-60106.b,2837600,0dec65854c49b1c796554c3d8ca541ad
cue/cv-60102.b,1970656,dac5f044cc442d9efa1cf18556c4f154
cue/cv-60104.b,2850176,aac0de91754d65c41dbc75f8b0a94cd9
cue/cv-60505.b,2344416,f1f71e231bf2afa3e0d8febdf6e19930
cue/cv-70103.b,2318784,bab04f7bf39d3d41bb7a33f459b1d909
cue/cv-60501.b,3274752,87b10dd48896f01cb790748bf617557d
cue/cv-80103.b,2340736,955088953c496a9ae30a36cb349b681b
cue/cv-70505.b,2736672,818780bdf18d5a75c3f318dbce15ff2f
cue/cv-70201.b,2750080,779bda3dcb7c02d05552233e541d81b5
cue/cv-60303.b,2045856,559a99816c649e644a8261a45e9f7ee4
cue/cv-80104.b,2508352,77d1d06bf8f96de3d50075efc2459d03
cue/cv-80801.b,2834688,5ae2799e5e18c2c3b991c1eb4123d43d
cue/cv-970401.b,1632992,d1be1b7f3ba86b7c398d8f075af9430a
cue/cv-80701.b,2741120,3972c8a9e91354defb451d239e44bd63
cue/cv-20220.b,3950720,3957265f8f88d0d3649c8c3259de7406
cue/cv-970602.b,1687648,574ec2b85be134a9f25e6d2ff8600a0d
cue/cv-970601.b,1260096,4335d176c02b510eceaaa8ce5c24b08a
cue/cv-chargeshop.b,383968,d8e929b599f3062dc0287a26cc2993b1
cue/cv-99901-battle.b,222528,f93e9c42957b99f7f30f7d7d124c8b4e
cue/cv-40126.b,2250592,3fcee95fa241fae0a82a36d54d5f7af1
cue/cv-970701-battle.b,136608,66f7848b9f942a20f71c43a5bf68ba9b
cue/cv-build.b,23392,08ba7973da407c0e1ed4c65b89e69619
cue/cv-40203.b,1524832,7a45acae7079432797093df5989c9074
cue/cv-40305-battle.b,473472,b129660c04478f79bd915ce2b2430f20
cue/cv-970502-battle.b,200544,2e5090f1b30192a17cb597ac3ca05ae8
cue/cv-970601-battle.b,175904,2bfd8da8b63dc61cd536c0ceb1e1ac90
cue/cv-30508.b,3943200,6f699f664c691ba342618a5641727b35
cue/cv-31701.b,1912704,c8c40c83d7e866a1f0644aa2f63f7a21
cue/cv-40803.b,1909440,fa5132547f11f105401c374843849e1b
cue/cv-40119.b,1182496,c4776e051af01e6d0c7e431089bfb7ed
cue/cv-40311.b,3008384,fd35812b388f6e79f5529f072ae9d8ea
cue/cv-970602-battle.b,128608,bc1005eac680e10c078dfef695588eaf
cue/cv-30806.b,1808800,8522b3a436300d05fdbbc1e4e0fabf50
cue/cv-970501-battle.b,193600,ea2a7cecd8f162e1ce0f9cf3e810c8cc
cue/cv-21304.b,2426112,7083c34de04fd1b2a6672df1c6081c2f
cue/cv-30710-battle.b,239904,225f8259977ddbe6602683ef582137de
cue/cv-39902.b,1808320,82675718cf47dc99f127c27d47314644
cue/cv-30703.b,2621440,e48240cde0bc1e7e83ebe380f2390d34
cue/cv-30606.b,2729280,f4076b57f98713bbcbbe17aede98da02
cue/cv-30609.b,2421856,4a22f8039b804475cd86db853af28263
cue/cv-40308-battle.b,218528,9c7d0aaf3364f7d371d69ca6f400b1c5
cue/cv-30711.b,1990880,577966ec60c20090444ba6bf5bc3904c
cue/cv-40120.b,1044608,c1eb906edfe6b020d0ccab36a63319b2
cue/cv-30608.b,3131968,b284f6da12b925963cb105c4b48cf187
cue/cv-40807.b,1458176,0a65ebea29b291cc11855c93f67f035b
cue/cv-970403-battle.b,153280,16f7b3262bf59ce634b3349c76c40396
cue/cv-970401-battle.b,252000,3bc0f7afee70fcb0bced95e071a17d1a
cue/cv-970402-battle.b,135744,efc1648a3f59c9d7f42279d04fcf0976
cue/cv-970201-battle.b,194272,499e84c1c7a18ef61522931ed67278c5
cue/cv-90501-battle.b,346048,ce008371bc34bdf4819422f8ef7a40eb
cue/cv-90503-battle.b,212352,b1fcde0e3e0001a9c5b97ec3a3d94aa2
cue/cv-90302-battle.b,388832,bd2c882c6f1b0b6d72230a3f4e2c77bf
cue/cv-90401-battle.b,212672,74cd4f1137bf0dcb55f2875b01beaa44
cue/cv-40301.b,2490816,78b0fcf2ae6a991b6584f6c69e3057b3
cue/cv-30802.b,2907392,64e6550e966b43b7a4989acbee561132
cue/cv-30801.b,2683232,20201e3dfbab5687d32abeefae9e0088
cue/cv-90112-battle.b,277568,627b9865f6242225811f6166924f5e57
cue/cv-90201-battle.b,240640,a63fe6bc08bab04cfe1f5928b2853836
cue/cv-30805.b,2157920,97d9a859e79014ae97dad3d52768d165
cue/cv-40136.b,2031040,4e8ddae660292083e80c51f36b77f88d
cue/cv-40312.b,2254496,1c27c025bbb72fe5a69215c88650631c
cue/cv-90111-battle.b,531840,3afe39bc39e99d4ab2d19d9028bb7187
cue/cv-40401.b,1828096,5ea523eb3ffa1687fa177468444e5567
cue/cv-30706.b,2856384,68b2a044efcf6364e4a84cef96581055
cue/cv-40128-battle.b,361568,29a5807faff8f9a54834b85ac305fd99
cue/cv-90102-battle.b,497792,be945ebf49790980c76b4fd43e394606
cue/cv-90101-battle.b,297824,4acebcfdfd90825b33d57d2d94829503
cue/cv-89903-battle.b,257184,50b92a85c2f2bb700e11b642921ed8ab
cue/cv-80801-battle.b,188960,91d69f39618a13e4b2e3f7084752331b
cue/cv-80202-battle.b,195648,87a89ce3c4496e08c7abdda365278722
cue/cv-89901-battle.b,149856,9d25a913c1f3d296b1d9bf1d2ad913dd
cue/cv-80501-battle.b,345248,dcdc2ece4e4e394c701c648d3ed1e0af
cue/cv-40204.b,3247392,2c7f3a23fb670c16cf932e84efeee57a
cue/cv-40402.b,1908064,d863a0103f0c780365e85e324651174b
cue/cv-80701-battle.b,242656,49af26a1126b7da85985526ef83d1c44
cue/cv-40501.b,3138080,125426fe34fdff7083cc0eabc83a6c08
cue/cv-30118.b,3728064,902a7c76fec6939b2133448fa2b16553
cue/cv-30404.b,3569536,8c85044493ade84884ceba152d1eb6b5
cue/cv-30803.b,1649568,911392dd508d7f275e3b820e754d2eee
cue/cv-20110.b,7433408,dc458ebc2d5b27942762ca41b2e51e03
cue/cv-30135.b,2452320,f9e18e603bede6c7d885ace38ad66087
cue/cv-80101.b,1228768,cfefef669a94bb09d77093fcbf47549e
cue/cv-49901.b,3061312,4f3a9436d477ef244f7c6fc23f85244c
cue/cv-80104-battle.b,203360,76e75267bbacfe36464bf980097d7e6b
cue/cv-40806.b,2200352,fd4468223e3baf216c4a19742929868e
cue/cv-80103-battle.b,163808,e6d09916ae3ee400bbf7e9d882f59924
cue/cv-80102-battle.b,307808,a42da7e8c3df432cae549bdfde7a74ba
cue/cv-71801-battle.b,316736,160e4528ddd59b45721e390b56648631
cue/cv-80101-battle.b,156064,fb04dab62b49f6581757deecb0c2c7cd
cue/cv-70701-battle.b,243424,b80b9e130fcdd5677d8cc45ae07e14a4
cue/cv-30154.b,3125440,4a8c0b7703edc1897ae6131e7cc0b620
cue/cv-30114.b,4454720,08bedca5c691dbdc494783aea8b8421f
cue/cv-20510.b,4165536,ad8bc4e64c61a01a18ac06aec433d372
cue/cv-70506-battle.b,197536,a194ca4b73bf9b5e27dd7112b8b9fb19
cue/cv-70301-battle.b,334304,653e9ed9f5d01aee52a134dc4b1a8c6b
cue/cv-70501-battle.b,307456,f65caf6390527c28acd3b5546220b03f
cue/cv-70505-battle.b,244800,7169c9411cb297b02fe7aa024d386cbc
cue/cv-70504-battle.b,188000,4b9f250fdd686bccc18ad52c31345606
cue/cv-20605.b,2859776,0fe986ba75fbcfc976022fea0a760ed4
cue/cv-30159.b,2991296,3d33cf5f1367b5fc3cc2c84a0e8c259c
cue/cv-20606.b,2820032,64bbc2e533b40216171f154c1b6c3128
cue/cv-30160.b,2918848,817460f2ab01cc90c5b88bc4e6575cdf
cue/cv-30213.b,3522944,ce8ec2aab0d0ae65cb1a31246c0414de
cue/cv-70204-battle.b,279008,efed73552c4e0c7315e881b7c931539a
cue/cv-30182.b,4393824,9e95b955d3a4a4b6f3d60159650cd7fb
cue/cv-40810.b,2568800,daec9c5a91dea0109f4badc6b0438137
cue/cv-70201-battle.b,431744,f24c7f0dc2987194174a5459c1788e13
cue/cv-70109-battle.b,401664,4e6baddc3416072545f542fd8032a8bf
cue/cv-70108-battle.b,247712,d60b9242881c149f71bb88cb58c0860d
cue/cv-70107-battle.b,250176,d088a3d9c147f74852a1555c84e2cab8
cue/cv-30133.b,2184224,cf6a3481c8b9f5cd307d8ebc2ef9537c
cue/cv-20705.b,4393344,65f9781ac9f3e130bf3d10cb9f877f0d
cue/cv-60103-battle.b,198336,9df9daa983d01799443bd480a9e45aa3
cue/cv-70104-battle.b,278336,3b3c0eaadb2e6de0f97e1eaf8b6a1a02
cue/cv-70105-battle.b,177248,7fde0ca84e43a7ee1b2535ff2668e957
cue/cv-70106-battle.b,143104,1b361a637d77951e4d83eeab56a9b86e
cue/cv-70103-battle.b,204864,4314abb8fd3248c7a64da61b8715c7d5
cue/cv-20513.b,4078112,bf7f058aeb60e1fc1b19170d4a4b755d
cue/cv-30163.b,4652256,d56f3543d7a13a120feda24c21d84865
cue/cv-30207.b,3258176,a398b1516405a6e442c03f94a8972fa4
cue/cv-30116.b,3947712,f0b200beb06d2e6229cd0b52509806b2
cue/cv-30214.b,2771552,fc86270d6ec6e35e31bdb90689e0d98e
cue/cv-69901-battle.b,259776,cbcae55717db70e409786276a9fa4cf6
cue/cv-30502.b,6496576,123da732a202f55f7c47da5d01ff1444
cue/cv-60801-battle.b,290400,e6b8adb1d869bccb129759f7dc2f0fc5
cue/cv-20307.b,3899712,d1231e6139fb3bc4a806451f9fa4d4ac
cue/cv-60702-battle.b,404992,e8a4bdade00d74a928c226e00f8e7fdd
cue/cv-60701-battle.b,354368,6c595df8da17cfcf6a9a78abfd5e9ca7
cue/cv-60505-battle.b,295744,60a55fe585aa88ca7e78753cf2e64c54
cue/cv-60501-battle.b,373696,69ee2517a7cc2490d0c8759b8fb293fc
cue/cv-60506-battle.b,247200,cce960f2aa895552dab82d97af03b6b0
cue/cv-60502-battle.b,153280,ed540bb27be463f786578b7edecd43f7
cue/cv-50203-battle.b,284384,3d07223cdcfef394ab327a36de46bc56
cue/cv-60102-battle.b,166624,4c101e0a8f7a2d54318eef540be75036
cue/cv-50204-battle.b,269472,87b4553668867a2836eb7b9e8d1af9e2
cue/cv-502082-battle.b,148000,5e65bd640404999f83e5d1e81fcb9aae
cue/cv-30101.b,3392896,ff39cf0d03b8333efea82e94e788d403
cue/cv-30302.b,1681920,a08df1beadd90a7695b68f8b1b8294ea
cue/cv-50207-battle.b,287936,ac907a30c958a1b85edf21284b1b103b
cue/cv-60303-battle.b,285280,202a7ce20e64bd229c9ca6012f18b8b1
cue/cv-506012-battle.b,219456,729882e25f0d79b0fcd03d8a73f61d8a
cue/cv-60302-battle.b,271072,7cbdd847585cecbb8deeb2b1c3731da1
cue/cv-60107-battle.b,554080,60e198d46b9f944caba9576b9fbcb81b
cue/cv-60301-battle.b,271648,dee40239293bd79a1715885a0997e858
cue/cv-60201-battle.b,180480,a49325cd9eb45e62da69864b7d7bfbf9
cue/cv-60106-battle.b,279520,ed31d944c259e02c38053bbfce0dcb86
cue/cv-60104-battle.b,235136,a57c4abfd36828bda0a9cb45d6a5536e
cue/cv-50601-battle.b,214336,420871099e952e85fa85b9602c0078f4
cue/cv-502022-battle.b,414656,b32f75f4bf39136f536c46a54090a20d
cue/cv-60105-battle.b,160576,fbbaa4b13ede6653de4223d2ef00c64a
cue/cv-502072-battle.b,161152,06d0391ecfe3359a48dd19678a25946d
cue/cv-50205-battle.b,226048,c920a6bdaf48dcf701aa4db9f1d0753b
cue/cv-30141.b,2311584,6be0378e35e291556a67b6f3be13e2fe
cue/cv-50208-battle.b,184224,f7e9777f6fa387e575e139addb481f0f
cue/cv-502052-battle.b,173856,aaeaf716464fd75ddbe65ed0ca3b5bc6
cue/cv-30115.b,3391424,e8578011cb1eeda1a9f534f2b6730b7b
cue/cv-40102.b,3296896,415e345ab35d1ddc524429916afc656c
cue/cv-10225.b,4449632,ed884fd5de92277b9cc3ff7cf9b255b3
cue/cv-20223.b,4335840,a76119b184dc79c02bda1c0b78179a4c
cue/cv-20232.b,2524640,4781bffbbdd86896fd9786df1f1c79e7
cue/cv-30306.b,2555040,63fdf4140d6569eaac64b10f0e4a9d7f
cue/cv-20229.b,3568928,6a5e72025cf0da73fcd77b6822291011
cue/cv-20133.b,4279072,0ea7b4a86ef4c9eb80f5f7edb895c08b
cue/cv-20504.b,3240448,aea717c0d81a21f9005bc565c6425a0d
cue/cv-30304.b,1327104,fa62b85e8cf498c7c5f8398afb73545b
cue/cv-30303.b,1577504,6841b3ceee05ffca37684af71e23999b
cue/cv-20310.b,2421120,c3c11fc5272a75e021de25ebb67c000e
cue/cv-30204.b,2057440,6955202e6af1809b04684fafd5e9f712
cue/cv-30220-battle.b,270656,3ea5715c6399f519754eb8b73d075e1c
cue/cv-10212.b,4421472,02822a1e5e09a879c397e3ca878feb1f
cue/cv-30165.b,2469536,8f3d13fbfdb082d5526cb6c040783722
cue/cv-30209.b,1458560,77ed72ab807e74f76f6823fa6d213774
cue/cv-49902-battle.b,429312,86f4aef8858eadfb5334c2f23d158eec
cue/cv-50202-battle.b,351232,e4f9b2d594e0a2bcd77331b0146dc9ed
cue/cv-30804.b,3720960,de48b9034e9b7d99a0361c133812f89c
cue/cv-20203.b,3967488,fc7ac6957833dbcf4ca46d377d16efc7
cue/cv-50201-battle.b,266432,7fe9d998e974d9217f7c59bee7af4317
cue/cv-50104-battle.b,232736,e9b19e215e962c90200097730c71021f
cue/cv-501042-battle.b,215008,7c55968ba7a55cba0df94f79f9a276b3
cue/cv-50103-battle.b,190208,59d9b8e8433176b6eb32abb5df80a5aa
cue/cv-501032-battle.b,164448,0b1f67f5fdee5f1f62f7f147474fbddb
cue/cv-49905-battle.b,235424,73111e2f49a90f171b9b12d924349c54
cue/cv-20224.b,4801504,11778bf37744e0ee9bf821aefa1e129d
cue/cv-30210.b,2483776,72d11571a787e355b0cb4102f9d2c5e4
cue/cv-49906-battle.b,385792,2eb2a5acc8fa8f859f501c2beff477e5
cue/cv-50101-battle.b,362592,ad8e0de017079c1c01edf2944d83aa19
cue/cv-501012-battle.b,283584,7c1f75fd5643bd763093279a1f445464
cue/cv-49904-battle.b,175744,37803ab4eb50bb0bb103451bcc8d2968
cue/cv-30172.b,1784320,7463db5da84b85519f46a6ad1a9fc7bf
cue/cv-30158.b,2650304,253c7f0613b17a58192d7e79726ec4b0
cue/cv-30181.b,2990144,fb98ae6cd8a59030b4c9e1bd86fa68b6
cue/cv-30212.b,1937472,31cb064b5eae822702ba8221a19126f6
cue/cv-20511.b,3301312,bd909f48b922bd972cf597bc48399f63
cue/cv-20208.b,4239520,fb6b4ecd07318d2c76673d74accbfe6a
cue/cv-20134.b,4255168,815a40eeefc167540439fd2ebb68e88e
cue/cv-30302-battle.b,144224,300340ced31d359336c7f272b09e75c9
cue/cv-30148.b,2320768,9cf1bc29382770fe7c3fa735f6f9f838
cue/cv-20309.b,3091936,e42dcc04138581fb71004c686905261c
cue/cv-30185.b,2394656,ec9250b420c04d220c494313ebdd3876
cue/cv-30201.b,1797632,140083bff19ddc7a6e7d825161f112a2
cue/cv-30179.b,1729792,5220b9d32b408431a83ec3dd408de0d5
cue/cv-20211.b,2730688,f858faceb202d170f604768ada6f058e
cue/cv-20204.b,3555200,295b9f42debdf88748fc33d004fbe960
cue/cv-40812-battle.b,276896,45c17cc52a22d12ee8ab8e00949a6fa0
cue/cv-30709.b,1673760,ac801b6e0c7bff32f2b596556a23d824
cue/cv-30180.b,1750560,202b78b2151ee4d5c25ce08232f0204f
cue/cv-40810-battle.b,163648,42b632bc92cb7882a88412dc9cc42fee
cue/cv-40807-battle.b,168512,1f3dbfb21e325e0de3e9605bf4d14e53
cue/cv-40805-battle.b,227488,7b6d164d3936664cf795deba74c56c5f
cue/cv-40806-battle.b,107808,940bdc9d43412425457987a5e48f2be3
cue/cv-30166.b,2423232,e7938ae0ab0f51514e22f40a6d56c5ef
cue/cv-40703-battle.b,351328,a8534db85f1964ef55e3f84df6a0794f
cue/cv-40804-battle.b,220256,b00383dc8701a44480c26fe5cb3210a6
cue/cv-30139.b,2443328,3eefae87cdc3fd82142c0ee4e546f786
cue/cv-40803-battle.b,117984,570c07221c95f3677c8dad5888c6e586
cue/cv-19901.b,3424448,aa129c8a3a0873aeec1ed6c60e170b9c
cue/cv-20102.b,4324736,fb5a889672e7e6eac9d9475f94074772
cue/cv-30125.b,2995520,41049788fd73de1fea5141224555bd35
cue/cv-30127.b,1388064,505e65e4d2ac33402d5a2950e66c4604
cue/cv-30128.b,1759776,a4bc0b9f5c35ad7c9711123f5952e8d0
cue/cv-40601-battle.b,189984,66dcb91947c5d5657118d21feb4e390f
cue/cv-40501-battle.b,357664,bc3f3fbb5ac43c4ac78a81076a2226a0
cue/cv-40307.b,1455904,0f6068f9a8118924c16cc60c0bebc034
cue/cv-40504-battle.b,192224,40c2b923b61973e2fd77cedd80117482
cue/cv-30149.b,3056672,b87466ba862310b7e3e05086be5fc094
cue/cv-30156.b,2092992,ad3327fef3927cdd5f7ea6d1cbdc7ef3
cue/cv-30162-battle.b,205888,0a6923ac1db3fcd3d0ca492fc9510a14
cue/cv-40401-battle.b,155840,d6326cc2c3a07c2138aa88176afe8972
cue/cv-40402-battle.b,101632,2f4f418309ebd7a83a51558119698844
cue/cv-40311-battle.b,275392,ddde7749245678c205a2262beb8a72a0
cue/cv-30704.b,2281600,afdca668f31dfb100b8d70d99e559c21
cue/cv-10131.b,4783744,8d3e1a97da6904d16ab77cd076418ab3
cue/cv-40310-battle.b,184256,a1d08abacd990dfe239a5d111a075f24
cue/cv-40312-battle.b,156896,929589a974e7c7982f71dd91be6680e5
cue/cv-20215.b,4349824,488d8bbf17b1f8ee8545adcc8d45094c
cue/cv-20123.b,4668832,f84943b9982866313a42ecb63ac141d0
cue/cv-30137.b,1352288,53097db398f031341c92b86c04bc91ba
cue/cv-1080007.b,2626496,61c870a4d1454b08700e68dd690979cc
cue/cv-30124.b,2839680,d8251d766215619f94fdb1c651636131
cue/cv-30149-battle.b,335008,8e263fd3f0dd16582e68e253d0caa5c6
cue/cv-30111.b,2965696,d7461efcf92c7c78366bcd1bd528a2c0
cue/cv-30148-battle.b,213120,d932889d2f2847fd5a48494c01ffa55a
cue/cv-19902.b,3897760,0b0bcbb2d208abf01a4d8ef32b5d82cc
cue/cv-40307-battle.b,148928,907afd459444c694756e5f47d15a0dd3
cue/cv-40304-battle.b,367680,6569f7585317234763c2d96822c41ae4
cue/cv-40303-battle.b,354528,c67bb6bf0050dbc69fec42bdbaf0fc55
cue/cv-40201.b,1329056,5d8e35112708776159ee12c198da149e
cue/cv-40202.b,1162912,8666b61dc4e8ec300123916bd65ab0e9
cue/cv-40301-battle.b,266240,92127331a3d597c6d20f66268f6175ba
cue/cv-30120.b,1175232,85062fce844cd2440fc8c6f31d5f885f
cue/cv-30131-battle.b,97888,3c98a88d0a8c0861404079d9c3acc820
cue/cv-30138.b,2308512,e2ca8cc8ce10ccc0d8df1f1f3880cf93
cue/cv-30605.b,1882432,f2b08985b3a14194779fd5f6e2f907e8
cue/cv-40204-battle.b,451552,69a6bde7d19a656d19793a5d68697f09
cue/cv-40205-battle.b,273760,40142cb831492dd5d113d42615fe3fa9
cue/cv-40121.b,1383776,0e4393ad71272bed6873e3da3bad209d
cue/cv-40146-battle.b,534272,c6e88cee559577ea4809024e3ea27aca
cue/cv-40203-battle.b,123552,960a605864ef2975f62abc0e879e652c
cue/cv-40136-battle.b,269120,8d6ba4cc7f50b829180fd82208fef074
cue/cv-40202-battle.b,93280,4ed017b9812e2f2ad5cbe0be8514d864
cue/cv-40126-battle.b,217024,b81d570ef0402c4f713eefafa6757c2c
cue/cv-40135-battle.b,142816,c23ee4d2da7c71394e8e003f7e7bb70c
cue/cv-40201-battle.b,115744,8ad0e9de3346acc0d2bc76d98d5af680
cue/cv-20217.b,2947680,bd5499a3809ce00b8d81310a6abb4382
cue/cv-30113.b,1945088,90cdba94abb8e7b7e24be3195c5de399
cue/cv-30130.b,1777344,40d16a7fbfd3fe265c8e0216e12d7f0c
cue/cv-10802.b,3952928,98ccc647c5dc78a49c761f24c76b28e7
cue/cv-40125-battle.b,142496,a709bd18c4dd32b71a94585f6b70768c
cue/cv-21301.b,2641792,62d0bfb4b123554e6514fc2da1c01817
cue/cv-30123.b,2182784,3b7a4c6f4d1ad78ad93ee7af0e7f6810
cue/cv-10738.b,3749888,669f30f334589d7ee84c99316482e148
cue/cv-10306.b,2365472,e61393d2f568f17c00e9fd6e6c5c1dcf
cue/cv-30102.b,2107520,6da4ea60333fbf918cdfb943b88811f7
cue/cv-20706.b,3037408,49edb3768ce4db05c5d0215a4367f6ca
cue/cv-40118.b,1106304,1565b373ae32ad7ba0a574449a2e3d50
cue/cv-40121-battle.b,102784,685b821dc9157b89dfd50dd071da3fa8
cue/cv-20129.b,2663904,09e9c5640c5d6e64368e456a3817acd4
cue/cv-20711.b,1777664,5fa9b9d152083e18cb034fc6139f05c1
cue/cv-40120-battle.b,111104,270d88b6f61ff27bde10c8f31e12ff7a
cue/cv-40119-battle.b,118464,490a3c607c517c079f077c305eab283d
cue/cv-20212.b,6984768,91c0bded147d1b31ebe9d5d14c03d62b
cue/cv-30403.b,2880032,3f7351390d46e8eb0ba25318d468c81e
cue/cv-30205.b,3650048,7137baa888ac89ca4cdd22105046ae52
cue/cv-40118-battle.b,94208,277e09d2ec94e5f631210a8474195650
cue/cv-40102-battle.b,314912,35d0d1600afed51970b71f1e5cd1de94
cue/cv-30602.b,1473600,cb4581b6f1509787af1c1209881ee9f0
cue/cv-40101-battle.b,102912,767be73e2acbc83452092542974d05a3
cue/cv-39905-battle.b,235040,ce72bf3f06ba6900b089c2a8b450a036
cue/cv-30608-battle.b,308736,32ca14692e1373f2f502486b119ea0f1
cue/cv-20709.b,1680000,df7a57965751d9d080418258c51ecfe4
cue/cv-30512.b,2420192,8a11099c5e5600fadc4b3efe0c8cbd82
cue/cv-30402.b,3161376,28d4a16ee9ecdeb2c09de1521470b1d1
cue/cv-39901-battle.b,211264,a11a7e216e3af47a4b8eb3c8cc5947c1
cue/cv-30401.b,3190656,280e6e7633166bf076183e4b38c4864d
cue/cv-31701-battle.b,148928,12e9277ffb87a842ef4390e2214e3e94
cue/cv-10139.b,2308160,61fc2d7aef3001ccc0eed9290da4098e
cue/cv-31201-battle.b,197664,525cb09c6b1706f04c66d62031d62694
cue/cv-30806-battle.b,180800,4a9d9550bfc90482867ba17500503ba1
cue/cv-30805-battle.b,202528,f8e2d9aa390690639c85156dfceaf977
cue/cv-30804-battle.b,169440,734e9cabc9ee117e7e82844ac8f7150b
cue/cv-30109.b,4386176,4232d40cafdb1a4562af9a44a5836fcf
cue/cv-30802-battle.b,201824,9100c8aee32b6423c66ae03045a23de0
cue/cv-30801-battle.b,164160,4c848dcbde7b74cf8c639a43ac1efc8e
cue/cv-30803-battle.b,142304,9794899d525f1e26fcc67c2bb0ee6004
cue/cv-20507.b,4127104,82412ffcca0aac17853ad973c504394a
cue/cv-29904.b,2639104,b2fc39c98e7727d880a881fe8301c71d
cue/cv-20701.b,3013952,0dbd338f44e6c9e999c2967c5a19f08b
cue/cv-30113-battle.b,237248,b86e86bf3a424f2eab642167051c0d9b
cue/cv-30128-battle.b,133760,501a385c0a31085c28e07c9e19089c25
cue/cv-10722.b,3765760,b59349350b3a56c136f1f669d44b8c94
cue/cv-30110.b,2277568,660fc5c0afcaae67de9b31a093c318a6
cue/cv-30711-battle.b,168096,3e6696cdc3d11f918bb2d9dbe69df69a
cue/cv-30407.b,3251200,522056ee530ced796e8e636858aaac5d
cue/cv-30709-battle.b,191104,bc0ef215bae749f98e94d1659a2b1815
cue/cv-30708-battle.b,159232,ab847ef5b446a2964be090d735e48a6d
cue/cv-30705-battle.b,338784,8dd3a96be99fb64a56c7cf6a688cd4ad
cue/cv-30706-battle.b,268000,8d1defbd167d9b02ec574fad22908e97
cue/cv-30603.b,1940416,a3a56087bca4c7b44cc5b852123d6426
cue/cv-10703.b,7843680,69c9c89b24bd7454913f9e964a777bc0
cue/cv-30704-battle.b,151360,0e97942287382dd1138b44c3396a8858
cue/cv-30112.b,3176096,e66fcae6aa9b03336ff4ce724054a313
cue/cv-30314.b,2429248,f0eadba9a4fd4db7e72fc4ec0057a413
cue/cv-30703-battle.b,196000,dd81ab8c95f73ac51b86a7e5c9b19460
cue/cv-30208.b,2865600,aaeb328df3fa7f355c7f7660410baeb3
cue/cv-30609-battle.b,164512,e1bf32cefbba29eecfb9adfd492cc38e
cue/cv-29903.b,4849952,a0cd14eb07fdc40918035a57254be653
cue/cv-30504.b,1420736,2bbb834132271c99320653a0326271bb
cue/cv-30406.b,1615136,ad932a27366879afb860b869de87cbd1
cue/cv-30601.b,1050400,f25ed84a0a19add812e9dfae6bcdbf8c
cue/cv-30606-battle.b,178976,f61ebe3755789317807e45f7a9e14d9b
cue/cv-30605-battle.b,147264,fd1d224ba099c9493a1168ffff12e85c
cue/cv-10229.b,6867808,8953f847805725abd7d86a4ec56239f4
cue/cv-29902.b,2548736,afc4323c1756fe393aa036b8b5c015fd
cue/cv-30603-battle.b,129888,84dc50117c92833225423ec86d1f809a
cue/cv-30602-battle.b,188992,c1fb46bb8775ec506abf1aaa0a912a94
cue/cv-30514-battle.b,360896,9a210b2dc90340d0578a0b4e28a30922
cue/cv-30601-battle.b,99744,f3d9bc6b7f10963db04e83fd4363f9b8
cue/cv-30401-battle.b,349792,dc06ce839db51202e36496b23f8f9422
cue/cv-30403-battle.b,301728,ce5e9cf1e6c2bc54710e4f89b390f089
cue/cv-30512-battle.b,273728,c27038f2ce28fe871367d05d70ed6290
cue/cv-30503.b,1447488,b7ea657c42a6f2915bbd7e3549f25186
cue/cv-10711.b,2991200,901b42ef9acf9abc71150dbec4220d56
cue/cv-30317.b,1710944,aba791ea2b1c1b98652465773c219ab6
cue/cv-20702.b,5751616,e5de2ecdda3ebaf3d9f4fda653a8b74b
cue/cv-30313.b,1462304,1ccbd64984d756ee713ffa571cc429e2
cue/cv-30508-battle.b,211264,5441010318ce12c1c64d6cf3103add4b
cue/cv-30502-battle.b,355456,0f70473992d336cb2a7b4029fbeb52e0
cue/cv-30504-battle.b,119392,da6df91d731de4a2305a855b4b7bb03b
cue/cv-30407-battle.b,271680,8340254bcb63aab76ab9ad7eb2390caf
cue/cv-30501-battle.b,225184,f1778659ffe64ae8f2983602fdc627f3
cue/cv-30503-battle.b,115360,dbd19370200a8f88a76f91d9b4d32294
cue/cv-20709-battle.b,334048,a5751d6dd67f6baced9f326e870b4805
cue/cv-30406-battle.b,317568,0cd66e9e2130f37a05359c1c21f7b844
cue/cv-30404-battle.b,285760,c45f16955f187cab9c406bf600d78c7a
cue/cv-30317-battle.b,243072,8fdaa6a591541bc058e68a9dfaf02d23
cue/cv-30314-battle.b,249888,047a7b51095fade578b954f8430ec8b9
cue/cv-30402-battle.b,201440,bfdd9e25eec142fe51a40bceb0fe9cde
cue/cv-30313-battle.b,124640,6963292c0dc1a45021000100024930cc
cue/cv-1060002.b,2298976,1e0556845294270724bd3ba66900ab57
cue/cv-20604.b,3157248,91f57b84357e7877a8c18bafe1396018
cue/cv-20502.b,3307392,7dd57da88fdedf37335389deeecdd251
cue/cv-20601.b,1814688,146dffeca08ae7b19708c5ebdce3c5b1
cue/cv-10519.b,2422432,d780de3734b722d064bee0f5fa2379c9
cue/cv-21302.b,2127648,741f87fe3c6bc2a3a865b4888fc78c1c
cue/cv-30307.b,1233312,8475e8379b3ea0f5c3460bcb50213bab
cue/cv-10220.b,1370400,c1acd9663df31773b3ee86952f78ca07
cue/cv-1060003.b,2384320,234876161a05bae85463d99ca8602284
cue/cv-1080003.b,2903360,6f5506a1a81375afbc8fddfb8d2008d3
cue/cv-10512.b,2006208,23a4922ff074d86fe947b40dbbca7b04
cue/cv-1080004.b,2834688,ae054b05f5d50a317fe52119cd2cbd2b
cue/cv-20505.b,2981344,103965f34e63720b3c830e70a70a77c4
cue/cv-30301.b,1690496,8ff59fa63b558d2ba38d82cc77fcb102
cue/cv-30309-battle.b,210592,8180ce7459664b6437b38c5b59053e1b
cue/cv-30307-battle.b,116896,58f876969a989a467993583887d01431
cue/cv-20702-battle.b,314528,e64031fda16307d1cee3be28e9456981
cue/cv-30306-battle.b,268256,2f909a8e4867d925e190d5fbd27e3fa6
cue/cv-20308.b,2038976,8348c97e543f94775e9e92faa683ef33
cue/cv-30304-battle.b,125472,6ea6c8ed5e5c6dd41e51848c2cdd3bcd
cue/cv-30303-battle.b,267360,67501450417aa5246526c5c5340b7f42
cue/cv-20222.b,3213408,8367969abce25a1df0c445bf9716ea0a
cue/cv-1050005.b,2242464,da3f75e3eff339e03cc6d64e7562de39
cue/cv-30301-battle.b,124256,40ba77eca1ddea08e380d9c08604863b
cue/cv-10216.b,3368928,ef910ad269c3ce0467494ccb79946800
cue/cv-30214-battle.b,284576,297d4f8f8f91ea03991d105028d93020
cue/cv-10138.b,2339840,f8452e4404c8c7d1f75f739a05ca86b5
cue/cv-20231.b,3366176,81d673bf814cafc597d8675bd8f86083
cue/cv-10307.b,2045120,ce4b3cf7cd5a8e88011876f8ef9b1c24
cue/cv-30213-battle.b,152128,abd21a5c173a7c3643c1904c49f64fce
cue/cv-30212-battle.b,284864,1c75f24b0f49d06c5cd669c3d583dd85
cue/cv-30210-battle.b,286848,602c7054d54a100e4817dc83d69eda72
cue/cv-20304.b,1659776,9dd8371404cc2a50d47575ad0e1888b7
cue/cv-20510-battle.b,253888,450a77ea34a5c012b22bb75b2e5cfb36
cue/cv-20210.b,2545408,467e8413dc3bcdac2d5305311b91f27c
cue/cv-30209-battle.b,163232,1d404f99e1a58f8fc0f7bbeb90898726
cue/cv-20216.b,2170496,843fe29b615b7c2f10d66814b1014da3
cue/cv-30208-battle.b,374016,735d1a78822fb9622f79dff8c7489986
cue/cv-30207-battle.b,407744,91a64ffcb1a781e42171070c4b468022
cue/cv-20232-battle.b,270656,f8d4efbf4815df6b7be5c5370b4984c0
cue/cv-1070007.b,3053216,e51034e4358b39b4689182b1e24e89cc
cue/cv-30205-battle.b,167584,7b773cf2e8b2f731ce23ede6935f0bfd
cue/cv-30204-battle.b,125696,691608f887ab04fbd1c2c528d5b244f3
cue/cv-1050004.b,2512512,820abc00f37eeb8d3195f7d3f8a326e1
cue/cv-10702.b,2284928,37fabfa3bad5e89c37f3d914a093464a
cue/cv-30201-battle.b,229792,3008742cda5fb52d9706f675bddaab21
cue/cv-30186-battle.b,236800,1ee19211aa6f3dd2e9a0c049e6154430
cue/cv-10509.b,2559648,c029c8396ce22ebf3fbba0b0cb5957b3
cue/cv-30185-battle.b,115072,e1a81fdf08be85c35f526f36987d6beb
cue/cv-30184-battle.b,248512,01b97493217c3c44d871882a14249581
cue/cv-20504-battle.b,321408,e2899cbd474d9b2d5101a34256f57b9d
cue/cv-20126.b,2083712,d85d75c50bf4eb1f2593842c665eb3be
cue/cv-20219.b,3075936,4207d96097caf61aaf589ff109e73a10
cue/cv-30182-battle.b,252000,8d660f77d9baef1a6bda2e1a600f567d
cue/cv-30181-battle.b,229952,b015b1da736abe43739ec6d8de344ae5
cue/cv-20226.b,1983904,979cc46a1fd3dc1aeadac627120b5764
cue/cv-20208-battle.b,368064,0599f5b8c09ad758279794c0266dd827
cue/cv-30179-battle.b,199104,b2fb103c77a950327e1a417cd83a32d5
cue/cv-30180-battle.b,126336,c461132725edb75b140479c2a11ac284
cue/cv-20228.b,2189280,4c74cf6773d4660bffe852d7ada9d29c
cue/cv-30172-battle.b,246720,92aceaa0dece65ea2133114d8cb81757
cue/cv-20127.b,1065536,d75f12be3c45b4f17be78f1b5e278540
cue/cv-30166-battle.b,278976,1161541deb9f8fda9b7c464dc5d5b376
cue/cv-30165-battle.b,184512,7ae27ffbc2d0485502ccc8bccf5cc1b5
cue/cv-20402.b,1253024,5a2288a9a87dfec9d75838ec569d3185
cue/cv-20122.b,1676832,3c781413e9bb101fa065f9873dde7260
cue/cv-30164-battle.b,238176,b9f31c1a4c859d1485d8dae27f4aaaa6
cue/cv-30163-battle.b,326272,b01c1961b5a6deebcdea808db80dac11
cue/cv-20132.b,2442176,ed6735a49c09f170addf86c319a67adc
cue/cv-20220-battle.b,231584,6f2b62ff4429b0907715f3e7cb511121
cue/cv-10504.b,1868128,d0a92cc271500c523ad12fcfdbca63af
cue/cv-20120.b,1059168,cc20d276204862cec5723c13faf093e1
cue/cv-20218.b,1510528,04aab60d0098be1da5a61b17677bd5a9
cue/cv-30160-battle.b,289888,3d37b7c509e2687d13b91739135420de
cue/cv-20111.b,1745920,78e433350ef085867228101dd977e037
cue/cv-20112.b,1982976,d630ab1f501b17a03d87749a708a48dc
cue/cv-20221.b,2988928,3a65addca82c2a26c5051e72b4247241
cue/cv-30159-battle.b,221440,1e844bb89ba656e6a8d8cd103cdf9d4f
cue/cv-30158-battle.b,141568,bc87be5cb2513e654d9f182d55408631
cue/cv-30157-battle.b,172416,3709a9663856528bf232c71a81eb125b
cue/cv-1050001.b,2339392,dd4ee3613aaa190b7cf436d4a2741f16
cue/cv-30156-battle.b,116256,81ab15bd49ebbd56a952292ec1665fa0
cue/cv-30154-battle.b,240736,991f87c223c8a5911b065f2d1eba5500
cue/cv-10213.b,3876224,6f998140b27819ab21209372494c40de
cue/cv-20109.b,1909728,99fb08882f0dfd64e599c760e97df5d5
cue/cv-20124.b,1595520,ff1b1795f04f9308476b4c636c3b361b
cue/cv-20301-battle.b,150656,78d34f644ec93a7c5ae2a33abb33bf92
cue/cv-30131.b,1589280,c202563e8d7d3b0b1005a3835dfbe38c
cue/cv-20113-battle.b,205408,61b83e0cd833f33f733f90e38c85f031
cue/cv-20113.b,2114528,8ee4d046c9f2385246016a566bc3eddb
cue/cv-30139-battle.b,252480,df3eb61259ba0ac125290900f565477d
cue/cv-30141-battle.b,94656,2f7cd3d745c55a306b1072ddadc1a579
cue/cv-20213.b,1010656,8e0147cd01c14445d91aa430d65a96e1
cue/cv-30138-battle.b,176832,9db4c31374e5ba219a86576337f5f2ec
cue/cv-11201.b,2211168,4e3f9f4875683bfe66d504af2b9493d8
cue/cv-30137-battle.b,132224,0cff8e9a2c1ca6c193f8a45c144bfce8
cue/cv-30135-battle.b,214752,c1e8ad6907354865cf0435ad3ec5e719
cue/cv-1040001.b,2397024,0cefcb09c678f28122ae3492b7c00b86
cue/cv-1050007.b,2734016,8bc9cbed068395fbf8956482dcdeb71e
cue/cv-10601.b,3373888,d5bb47e67ec31fad691796b6a3698649
cue/cv-30133-battle.b,134016,e785970d2024a84ece056b118b631a62
cue/cv-20101.b,2703200,b74dc73702d88698fdf6be44c2f13dae
cue/cv-30132-battle.b,89888,8d0b4d3e27cf09248f7ca6548ce1257d
cue/cv-20106.b,1097664,3ccb8bd7783d161802e4eeab4bd53f4b
cue/cv-20107-battle.b,148544,2d459bc60718e4e653f73a015562f43c
cue/cv-30130-battle.b,181888,9639dd125f90d7058d8e8576bf18829a
cue/cv-10226.b,4372544,1796b14533ae181b5e54f9279cbba169
cue/cv-10148.b,2293984,a87d002a234b405e3b9750e84250396f
cue/cv-30127-battle.b,153568,234bb22709f1c61544054fa028fe2281
cue/cv-20103.b,3079808,8b1dae28c1cf146e6bad74b368911feb
cue/cv-30125-battle.b,266112,8efd1c9e6bb967701716502cd695d422
cue/cv-10804.b,1892352,7706af1727bab58ae2aa3139d2efe469
cue/cv-10214.b,2679040,cb12aef2665c34e308b25fff1e29fc15
cue/cv-10503.b,2061120,4f3a9e2256a8239e8bcab357df131d59
cue/cv-30124-battle.b,172096,77f17a6e69ab7c20547a07dd31e9d7b0
cue/cv-1050006.b,2200288,0043bf5b5d82db75a936e749fb7882ae
cue/cv-10135.b,2984800,a8dcd1f11da85a944d698aa9fd426091
cue/cv-30123-battle.b,110272,60560fef522b2d57bd22c84a1af87dad
cue/cv-10144.b,2686592,e8eabe30e1b71d900294c9aa2b70068e
cue/cv-1050003.b,2640704,7770687b1570ff2de6ee84f3ed34462e
cue/cv-30120-battle.b,163808,3c520ebe9f90055bc412a37c1b4c6448
cue/cv-30118-battle.b,130656,bc5bcef3bd9d7ee7ba26e970e13c2b74
cue/cv-30117-battle.b,159904,c0030501973d09e8ff3a5db491e1b0c3
cue/cv-30116-battle.b,221696,ca8ca46573f433953aa6891ac981c05a
cue/cv-30115-battle.b,215488,3879b52e2cf35a16cab88b910b04143f
cue/cv-10729.b,2989632,00cb66078669724b1b6110ba3e43264a
cue/cv-20108.b,1476032,9cbe9cab66a432b29d74d36d41c53f17
cue/cv-30114-battle.b,351872,d9f44422b6b0a5bbd6448621e7eb92be
cue/cv-10210.b,2729120,5bbb206228c1baefe154f73959ba2b46
cue/cv-10804-battle.b,180448,0cde8b05a1a29e940d2498eab302ac9b
cue/cv-30112-battle.b,194720,856f171a0d310220c62c99d0f80af186
cue/cv-30111-battle.b,253216,0d2a7abb8df4dfb0ed53111952dad782
cue/cv-10799.b,2069536,ebfc5998aa8a41e4a4779076159a1abf
cue/cv-30110-battle.b,305056,b6865119f4ce40611f606aa66be15333
cue/cv-30109-battle.b,288704,e74de2510753c0791fe4db35734d4d43
cue/cv-10136.b,2214752,a0d2bc2aaf185aec9651835888b39aec
cue/cv-1080007-battle.b,312544,6a32dcd0e86db2fa2d40b96aa2b4e8ae
cue/cv-30101-battle.b,408896,d85d2339069a769ab12094f617699ce3
cue/cv-10130.b,2259616,373d7f463cb338d5f0cb3c5d28a376b8
cue/cv-30102-battle.b,222688,ba1d6a62f6e425025671482aca8c4c53
cue/cv-10802-battle.b,191872,661a0346330afd234b613650acff8caf
cue/cv-29904-battle.b,171136,5bd07aaa05bc93bbfb37c21518ae47f9
cue/cv-29903-battle.b,281856,30408bf2530e3020aeaef555757fc55e
cue/cv-10137.b,2428736,37eb350e08aea38dff373be91498d71f
cue/cv-10717.b,2051296,27ba0d2539c199ad4791b093c9162878
cue/cv-29902-battle.b,296000,79b291cf3c1eef22bf6f60aec295adc8
cue/cv-10140.b,2495744,c52a121067224f490abffc520ecbefdb
cue/cv-10126.b,2528448,14ef0c2c08402c842de5b062c60bb8f7
cue/cv-21304-battle.b,185024,559411d8ebf01f91ca56f5db69e7d984
cue/cv-10803.b,2415616,77a36b2860ebd5edb14c99cf9da778d0
cue/cv-21301-battle.b,309984,1f9a22cab4e98c9ff88a923cb40b3faa
cue/cv-21302-battle.b,208576,a98a50305e91b9edf9bfffa7ed8eb640
cue/cv-1070006.b,2909184,e3a5763e326a0f10a6db7eecffcb78af
cue/cv-20712-battle.b,400384,e16949b3bcb3096e3fa1d32805996d1c
cue/cv-10805.b,1564800,ddaa262d9b2fa1e64187b106e5e97358
cue/cv-10801.b,1696896,b5c0c31e5c840273ac779a85fb00a83b
cue/cv-1030003.b,2367776,13aa823c6333d402c68685a9209587ed
cue/cv-10102.b,3258240,fc6977ed1f6d4e5f479856ef38e4cf27
cue/cv-10114.b,1225344,54d2050949f656d661b4f6de9115fad3
cue/cv-20711-battle.b,160448,1602a1eedc9fe9c29638d553d8bb4817
cue/cv-10722-battle.b,246336,f4f83677a3c80fcac6396b16e804bb8c
cue/cv-1030001.b,2771584,b55ebb6aec0b52ef4ac7730595de5c07
cue/cv-20706-battle.b,244320,e9853baefaf7bf96a87db98f779dd505
cue/cv-1080004-battle.b,313696,d22df1e772aee80dd0bc75055dec5ba3
cue/cv-1060006.b,2333824,342e9160876be73f6c2537bb5ba68740
cue/cv-20705-battle.b,285440,0ee13049dce234a9236da0c7f1ee1069
cue/cv-10208.b,2815648,74a39f56dfe1d66b80dd3c21a626d758
cue/cv-10703-battle.b,636032,ff853753e5c535b5c441f8ef3657bd57
cue/cv-1030006.b,2365856,1433af791e96eddfde373fe58cd17dc7
cue/cv-20701-battle.b,203968,1531f2891d7dfba46e90954af2b0d4c4
cue/cv-10125.b,4268704,33a384760c95fe99859f48d860d862d3
cue/cv-20605-battle.b,252480,fa8a79647c6c3c9b8fb9d894933c37a1
cue/cv-20606-battle.b,132032,8676639252c4a667e8d35d9b6ad9d574
cue/cv-1040004.b,1618400,288d3d9d382496d0991966fed41ff253
cue/cv-20603-battle.b,460704,586675404a1b88383958104799bc2bb7
cue/cv-20604-battle.b,201024,788fc3ad772c2ff86a35a7894b4ac592
cue/cv-1030005.b,2034016,97806896f6c9b764d0ca06418ae36c70
cue/cv-20601-battle.b,358944,ecd66ed1c6552df09b7e362b0719462d
cue/cv-10301.b,1138784,962a8b32443d9a4e4d56495d6e879c9f
cue/cv-20513-battle.b,551488,3848ae5f6672b81cba1127f4281565ed
cue/cv-10701.b,1537920,5c1b5f8829e29141ca710b50d02400e6
cue/cv-10106.b,1438272,f2a741105bd91cf94fd17c6111cd2644
cue/cv-20511-battle.b,296416,6cdfecf097ed84187ad7bec10e450133
cue/cv-10211.b,1173408,38192bcb4778f377218cd388ee369669
cue/cv-20507-battle.b,424128,d50dd6b23cdfbdd020aa958268ef985e
cue/cv-10514.b,1551456,55ddc8b42879fd816c54a3afc551bc9b
cue/cv-10143.b,2204128,ce22f0cb843d249fb2ab0d6ac6954409
cue/cv-1060007.b,2523424,4b27e6fa5a0f6d8893f2e9d14a552a46
cue/cv-20505-battle.b,289568,bbf946fb26fc09cf93327de3b348bda2
cue/cv-10142.b,1671488,448f98b48eefb0ae16a79365b1d97a6b
cue/cv-1070002.b,2656576,f96e32af51343cf63210b18a2f664c2a
cue/cv-10508-battle.b,92576,e78136fd1d5787d78f5e28cb2a71bb8a
cue/cv-20306-battle.b,119840,f7602ccc6614c26e6a8a4abbe6329149
cue/cv-10507.b,1010944,8ce943ed035edb1ca26d04e9fece1174
cue/cv-10002.b,1354560,ea213b1fbd9c91229bae4e7656611fa9
cue/cv-20502-battle.b,356320,f74eb695ba5a650fb0a3da6270b72c36
cue/cv-10133.b,1678272,94146ba049f94a431a982321bfd3d6ca
cue/cv-1070005.b,2837152,49a782f39c3d9da1aa7282d8ca36baf6
cue/cv-10519-battle.b,285440,c2b6b43cf5c7b77f9e9fe040c1c18d77
cue/cv-20306.b,1238560,5966c8c55cd44be822d0c6cf535a98a3
cue/cv-20402-battle.b,153920,78a0572b8087b2b2dd6f04ea3401f858
cue/cv-20305.b,1058528,8d7556da95aadf4100827c8ab1edce62
cue/cv-20310-battle.b,137152,6cc596ae952ddef5c2b602d4271a67e3
cue/cv-20303.b,1016032,31a16a226427f10c3f2a78088df27a42
cue/cv-20309-battle.b,243776,c3cc8056c60599d4cac12a36d7f5362e
cue/cv-20308-battle.b,170080,dc9119b9855ef1eac54410aeac70ac17
cue/cv-1060003-battle.b,158720,7558f9840978da1014c44248b6cb1afa
cue/cv-20307-battle.b,189248,4fc14c45c0440c5c67e9d690db5a4fda
cue/cv-1060002-battle.b,226560,b7930dc77a2d228d0444a39631480a63
cue/cv-20305-battle.b,131456,405a760a1da4fe697c8273c83b19f344
cue/cv-1030002.b,1956992,f2d80d5f072edc943b6feae56afdba33
cue/cv-20304-battle.b,119616,0fa816de47a4e83a168ce561f64ce591
cue/cv-1060004-battle.b,205184,933086d851f2705c8ef53a65c926464a
cue/cv-10512-battle.b,175872,0499803cd1808e38339b6b05042c2dc1
cue/cv-20303-battle.b,108768,df31504671b45c5a3c18438d1237ba62
cue/cv-1060001-battle.b,169248,c672c915798971898725874b94cc5150
cue/cv-1050001-battle.b,256960,f503b7eadf9f066c0199a26bfde18b67
cue/cv-10509-battle.b,275008,044eb099e0bfb3326b92e4f2c4a4e806
cue/cv-10513-battle.b,188064,92848fcb7b4ec799a57cc96ad0881ef0
cue/cv-20231-battle.b,264832,502d577959d1ff1a99988945c3edf91e
cue/cv-10510-battle.b,130592,be42f19145ef0663783970ed766104ae
cue/cv-20225.b,1404576,78903dc09301fca609c3b7760c8822da
cue/cv-20228-battle.b,254624,95908d5af721ac96859afec756e74986
cue/cv-20229-battle.b,196896,af7fa9c9a16f1a7ad6e40c27402e93d0
cue/cv-20214.b,1328768,986e51dd8f9d9629928281ff7cea03b3
cue/cv-20224-battle.b,338496,6dbd5d7fe7ad98e67459082167d0ac07
cue/cv-20226-battle.b,213760,6b7d391202dae5ec9b3769de16441584
cue/cv-20227-battle.b,174208,b6ef9fd36f8cf0ddc9567cc55eedcc9e
cue/cv-20225-battle.b,132992,472fcdc1f96d5226077dc600141c9e8c
cue/cv-10307-battle.b,176064,caf992b2f1acd32b187f8ff7256dbe21
cue/cv-20122-battle.b,119296,68381ea85eb219d3c3710d08742d6fac
cue/cv-20223-battle.b,230816,59e99d97395b9342e240a2843eda6b43
cue/cv-20219-battle.b,342080,e77ea8e9935b8b45b234173b560b64bc
cue/cv-20221-battle.b,154400,1c2a70489d8a05a87d4f96055ae9d98c
cue/cv-20222-battle.b,138016,32b13f1a6f104bd1e252eea4742bc0d5
cue/cv-10218-battle.b,237664,4c22ca6070e544f4a2dbf2ff3bc70d22
cue/cv-1010004.b,1279936,37eee3edfc4f854b00ec452d9892831c
cue/cv-1010003.b,1127584,bf2425f9a3f8384e060430682183d341
cue/cv-10513.b,2653152,ada3e6fd7f90cc9ddf5cc3f2bc6d9919
cue/cv-10137-battle.b,238048,2f815830b25161c77ad4a0ea721ab89f
cue/cv-10112.b,1002880,21ffeb39055858f56d27ed97149650ae
cue/cv-10144-battle.b,193184,3d7b8c1e087444399157e6d49497f06f
cue/cv-1010006.b,1114272,f4ca5c078d8cc1de5c36106b5eba1d27
cue/cv-20218-battle.b,184640,bce776f7a3d37767ce4a1b7ad1b4ae12
cue/cv-1050002.b,1868864,3c4896520aab3b9cc8a449c80170f65b
cue/cv-20217-battle.b,217632,ef2354dbfa40e9e29f37a23a2b1ba56d
cue/cv-20202.b,1321504,f605b7ba5504cf25df9e8e03796feb33
cue/cv-20201.b,1273888,088f66a848766c44887f5828f572524f
cue/cv-10510.b,1471168,599a91a74341fbeae93da71aca801003
cue/cv-20215-battle.b,239840,cedce882f5faba2b20f456feac4b6767
cue/cv-20216-battle.b,117408,d26b575d27d0c41716689b26830adec6
cue/cv-20214-battle.b,138688,7a3a0374df41c7d3deb17dde98eae2a2
cue/cv-20212-battle.b,336672,2948145e870ddacb41dceb768ab143b7
cue/cv-10308.b,2372192,115ec3f054a98a75e93fdbaf327e34b8
cue/cv-20213-battle.b,108576,921281a5ef704cade503c74d77e45716
cue/cv-20125.b,1343552,31eb60fd6819092cb4fcd8d8121fdb54
cue/cv-20211-battle.b,324192,8aea1e461e4799d40d426cd5d7fb867d
cue/cv-20210-battle.b,280896,0ce1b508cba2bdb20bcd12d154f4ffbd
cue/cv-20203-battle.b,462400,a7105f8444cfbff24384b327cc8b5bd8
cue/cv-10107.b,1316288,6eafe058dba51cbb118be59e8410b1f7
cue/cv-10125-battle.b,380544,1f3825f2bfad284fcc7c6d364f65398f
cue/cv-10001.b,1334208,8c3ecd9618c6d236279d3d2c841fbd11
cue/cv-20116.b,1624384,995a731f0b2778a2b6dd4c6ff8d54fdb
cue/cv-20204-battle.b,215808,b75f0930f47866ef4e805d6f805f9990
cue/cv-20202-battle.b,154720,722d18bbb9f08c5447986efe16a064b6
cue/cv-20114.b,1566784,628b66c15d425e12f1baede4af473e51
cue/cv-20134-battle.b,223648,2c6e82162107710dcfda2cdb48e4a129
cue/cv-20133-battle.b,194080,f772080b2f34d6497126767a45c23bd6
cue/cv-20132-battle.b,192928,c13ea6bf6d2bee2338407da0a7bbf802
cue/cv-20129-battle.b,296832,e39df811e253274ce07845587cdee81b
cue/cv-10503-battle.b,177632,57d4d805fc669cc9fc1661a003367ba2
cue/cv-20201-battle.b,84608,eb0e39ea8c0080bb096742cdd13a27c6
cue/cv-10309.b,2214496,7d4a43cbe48d395ac9c2dccf78974f37
cue/cv-10310.b,2253856,a5af11e94d36dc48210d697e4fce7359
cue/cv-10229-battle.b,666144,c152194b09fa6fd9f2ca7843e6722ee3
cue/cv-10136-battle.b,222720,1254d424e2d3da961df8933fa6bb3ea0
cue/cv-1010002.b,1276640,2599e5a28f8caeca1cb11b4c96d21ace
cue/cv-10222-battle.b,322816,800ea0ad79a25cde9916fe0d7278bf82
cue/cv-20127-battle.b,117760,8e56eb593c83ce0bec496c81b56dc0e0
cue/cv-20126-battle.b,104224,5d98636089f9a061019f2e8ffa36b726
cue/cv-20125-battle.b,154944,0996f0e9681b60fa6b06a299c7231dc2
cue/cv-10655.b,2786688,cea5d2612e3d367a18e0bf34a4d15e8e
cue/cv-10147.b,2977056,d00d51316465ca58f8c7697cac11c7ba
cue/cv-10311.b,2409824,5fd2754ac597f272b937fed884a455c8
cue/cv-20123-battle.b,381920,3cc487e6cdeda44eae1e550a535890d8
cue/cv-20124-battle.b,105216,bab9ff75f9d36a555aad8084fadd4c84
cue/cv-10507-battle.b,104160,40529df93625c1afc87552cda78fcd8f
cue/cv-20120-battle.b,191424,7ff2e79e0569746a9712cc02eae97d6a
cue/cv-10218.b,2302176,0759e7ecf3c9c2ad4ef5b5ef6cf922fd
cue/cv-1070004.b,3089504,a0921b3ea8bb17a67e9b652e5c983a9c
cue/cv-1060005.b,2703072,aa5e4bf60e52c99e812316def5f8c421
cue/cv-10145.b,2559712,43bd121585275e9d6c0bfb1d7f788373
cue/cv-20116-battle.b,181248,a43609e394121c9a534702d819db510a
cue/cv-20114-battle.b,189472,1e82119d5b05cc94e35b5d6e38ca54fd
cue/cv-10134.b,1195008,7b2aaae9f4b805452027c9d373315108
cue/cv-10143-battle.b,180736,0d4ed0d773ce7349de66a3eddd2ba364
cue/cv-1030004.b,516096,b9d9ed8e56e2acb2aaddcb83a0dae154
cue/cv-20112-battle.b,171104,b89a51a084df05b3cb18deb9b81f6c16
cue/cv-1070001.b,2746080,fbeadcba36b1263f6b8f93cfe3fb5179
cue/cv-20111-battle.b,124224,3bb56b3399b600a9b6709cae3f3397fb
cue/cv-20107.b,1197440,229908d2b42a0bbfa2559c947891a4c2
cue/cv-20110-battle.b,334176,5cbf47dc95dcdff053c71dae8274921a
cue/cv-10222.b,2452032,eff64bc79a851c3fe07f06a83527e5ab
cue/cv-10149.b,2780384,c0e509104492af561011304b8c5a92de
cue/cv-20109-battle.b,174880,f65dd95d9e4d16bd1ba17617a9d65af4
cue/cv-10139-battle.b,175648,57a364605e524022f92d887c1ffbf382
cue/cv-20108-battle.b,180768,7b88d9d422c68fe313d7e90e3a6339fe
cue/cv-10124.b,1840736,5d792ff11bb625bb6a5359427dacacbd
cue/cv-20106-battle.b,78976,0ae8d2b2a87fb1877d4e440275772023
cue/cv-10224.b,1624192,b21d35016b6b756385578008bfeba244
cue/cv-20103-battle.b,242432,c6f3b5a64edfc175de1963a5f44858b0
cue/cv-10146-battle.b,250432,1c0413b7a514ea77117f6ce819c0d175
cue/cv-20102-battle.b,188480,eb786154187a20518e513422af2467ec
cue/cv-20101-battle.b,357984,11433efc82866ed27e745f1b267685a6
cue/cv-1060005-battle.b,199200,d345404492ec66e9b0fbc2b5a52d6d9f
cue/cv-10140-battle.b,369824,228a76ce57367e2fb06fbebdfca6f91a
cue/cv-1050007-battle.b,276832,ff5bce500dbe15ce673413f7a2e966b8
cue/cv-19902-battle.b,184704,3249b701e22eff69c1f466ef613030c0
cue/cv-19901-battle.b,246720,9eab50c2b5febaca5be7b8647ca45ff8
cue/cv-10303.b,1122560,38d3d1fe340e476b811fb2d335775176
cue/cv-11201-battle.b,266912,31c64739f049604928f1443fb2af720e
cue/cv-10203.b,1065696,414687c775acb1a099d77debc1f7da11
cue/cv-1070003.b,2611680,f62e0e5ca02caeb51d067189a5e09882
cue/cv-10806-battle.b,194080,4497dd98817eeb3dd9868aa32a2abcae
cue/cv-10702-battle.b,271200,bb8bb15afc4b24f55d6d10d26b6c456c
cue/cv-1030005-battle.b,158176,829a7088e385d20279268005890fbd8d
cue/cv-10115.b,1329216,ad3b7265664851e9b897556b0a859bf7
cue/cv-10805-battle.b,156512,b3b5e9995ab1b11f90692f4cca5fc7a9
cue/cv-10704.b,1802560,d4bbc4238b7acd94c8d205ac9dad202b
cue/cv-1050004-battle.b,265920,d82c044880e84f7a483bb0fc08213243
cue/cv-1040002-battle.b,189568,cf603d5e253109abca985f49d728b4f5
cue/cv-10803-battle.b,166656,60230bc863960fb44c6f1f30c367cea5
cue/cv-10801-battle.b,156448,0131d4880bbb5a6b0478ff1509eb7550
cue/cv-10313.b,3517952,3d9a4bd5fa71f9fb6a9c17f1275ad086
cue/cv-1050003-battle.b,351104,be40d98da72ae114e7777340a85fb65f
cue/cv-1040002.b,1570464,79febcba4c774ebd373c4925ca94fe9a
cue/cv-10146.b,2722560,afeb7979061279ad26a5322265bc2640
cue/cv-1010005.b,1165984,5dc79507b5260ca93bb6176e8fc8e3ff
cue/cv-1080006-battle.b,285824,2c2ea16bc3725b79defc0ff3e983650e
cue/cv-1080005-battle.b,368800,c693935b8e028e0efdc2cb7a27353d2d
cue/cv-10219.b,1628640,fb21e5b2177b3c75317d9ab7675bfc6a
cue/cv-1040003.b,1475168,97409d3292f407293a4a68e3ffa6461b
cue/cv-1080002-battle.b,303616,a931b4c9c55b6180c07d93de4694c93a
cue/cv-1080003-battle.b,274240,8f195bce34c7c1fcdee355a558965c0d
cue/cv-10141.b,1360640,0e69ce38bd2d90648c536201fd2d3243
cue/cv-1080001-battle.b,277984,bdb7cf2d8e0317daca6f67da3e66c2cb
cue/cv-10129.b,1520768,8efc8041797dbafecfd230d535bf38e2
cue/cv-10142-battle.b,124832,c8c4fde2ad8e6932c60774b888bfdc0b
cue/cv-10799-battle.b,295360,8dcb4b99d8edb717cf9a8e21313cbe0e
cue/cv-10708.b,1480736,dbd94a70a0f907d7fcae6497ac919b1a
cue/cv-10738-battle.b,255072,8dec9494641427423933c6d9299ebd61
cue/cv-10520-battle.b,191616,c89fecaa4d66586ddd0867bec9cc535e
cue/cv-10149-battle.b,312192,7b4d8599d789419fa08e42668b728f29
cue/cv-10729-battle.b,218528,9ff6ffb85e3f40f35451cf6abd545f20
cue/cv-1060004.b,2333184,337c346eca0ee6a3421d1a76d0c1ce1e
cue/cv-1010007.b,949952,fce164b97192471b11e7ea89642f089c
cue/cv-10148-battle.b,236992,7753bd70da591f12ec2c69ae091a875d
cue/cv-10723-battle.b,169728,d6c57d057f2ecf99d3e959d44801e26e
cue/cv-10717-battle.b,221216,9bddf79608bce4e8046365a4d7a2a71d
cue/cv-10104.b,2155360,1d64d226f2e5e93634aa2ff5263db2a7
cue/cv-1040003-battle.b,155584,c1804de916e49238a8ec98cfb53a156a
cue/cv-10711-battle.b,244224,3552aff8892107ed1e9da6082a108047
cue/cv-10202-battle.b,108928,68056fba91ef803a8993e0a833fc044f
cue/cv-1020002.b,1004032,51aff32bed5a8502090e1c852d150f2b
cue/cv-10105.b,1631072,f3f2134b2bd55bc87808759bd1f94b30
cue/cv-10145-battle.b,310880,bd19f69d9d6f5c6b4477322b63289047
cue/cv-10708-battle.b,91584,73b9040ba1c4cb99c236c037dc215437
cue/cv-1050002-battle.b,139776,5722c2a1e1fc2917a9b9647bd4d9f974
cue/cv-10103.b,2069184,87a2c62d020cef5813d18799e9f3df88
cue/cv-1050005-battle.b,230016,88bced0da7b7772fd15dcc9150353df7
cue/cv-10704-battle.b,257568,25e901afd831db981c6691b00b61b9c3
cue/cv-10221.b,1576800,a190fe3ef4daa1f60434b9618474fd98
cue/cv-10201.b,1136736,ed61e5c7d57295c304503ffe1318980e
cue/cv-1020001.b,984192,c9b4d22da48534b01a52b08959257bee
cue/cv-10202.b,920192,27c88fda85a7c021de123a52faf711d7
cue/cv-10204.b,865152,23b417d250795123f28e432b80d80a64
cue/cv-10701-battle.b,128896,42b406e6be509c854e8b9a7a765f92cc
cue/cv-10109.b,1440448,86c735d7d293606f41b9250ae832da27
cue/cv-1070007-battle.b,333920,4357280b9cf732f462b9038627532da1
cue/cv-10201-battle.b,117408,3836d6121b5cfe4e49f9673ce993165b
cue/cv-1070005-battle.b,297536,d4f8c5461a565a147ab121ff591ff808
cue/cv-10602.b,1409568,c9401b44a025910c113402f31e554797
cue/cv-1070006-battle.b,362272,ecfa7391cd0028edb622b60ee4bb0aed
cue/cv-10204-battle.b,118880,47e1c464fff0046ad65ba45f9abffd71
cue/cv-1070004-battle.b,387392,67298809d4fc9dcac3bf2ae6dbbe9b5d
cue/cv-1040004-battle.b,152000,274191db8e900ea645a3b98a3a578cae
cue/cv-10508.b,1101696,f309b2283e584da231a40cd5b1d4d8ba
cue/cv-1070003-battle.b,283744,11e9fa8ac3a75d7b3f311741b91db0cf
cue/cv-1070002-battle.b,255136,8c9b06053458cc1b602e82ee0047631a
cue/cv-1070001-battle.b,312128,044f148c1f684c3e94d570d8ee6c2e59
cue/cv-1020001-battle.b,159136,69da1758f4172c8c38dd7318c65fb629
cue/cv-10655-battle.b,326272,ec61fd8fc5e35c03c43194e48c24e10f
cue/cv-1020002-battle.b,115712,4d021fe8bd01f860581055efb1f173a6
cue/cv-10147-battle.b,225632,cc05729d6ef66af41df68135e2a50172
cue/cv-10203-battle.b,81408,b05516d839d151436942fabd7baf869b
cue/cv-10601-battle.b,337312,ad28b8b5c04c64928e80080cb85521e5
cue/cv-10602-battle.b,98656,4bd3ac4c9516772eb6665dad124b52e9
cue/cv-1060006-battle.b,259168,e1e8055f259a5c6b28f8b2eed3e8186a
cue/cv-1060007-battle.b,198496,d1d436fbd40ba634bca345641f9847c3
cue/cv-10514-battle.b,193056,98711f13fc973c53d25d10ad867db4fa
cue/cv-10312.b,1925856,8ac6ccc76b5b01bb7ff8c81151347d70
cue/cv-10130-battle.b,230496,9adadc66bbee43b5502ab9e4b2a82ad8
cue/cv-10131-battle.b,182848,4c8910abe049df5c6b80f89c331cc5c0
cue/cv-1050006-battle.b,303840,7cbc4107dba74d2463541b47b2d058e2
cue/cv-10325-battle.b,190560,03bf7d26e6a4bbdbda91546c1fa873e8
cue/cv-10141-battle.b,163392,5c7612da8dfd59bb3e83740c5cf24219
cue/cv-1010008.b,1113088,fb4e36656b756cdb7a37a89ad902d5c9
cue/cv-10138-battle.b,109312,e7f1191f1ab0c9229dae982e53365bb0
cue/cv-10113.b,949728,81e8e57ea5e9fa43a8a1b431163f33cd
cue/cv-10116-battle.b,155488,7d35763b28ce8772fcd5651c4fa96bd6
cue/cv-10108.b,953312,edefd4f30e3484b9f05fbb9c33e43199
cue/cv-10206.b,1060064,1493b1453a8cedefc62f11a1b4686f11
cue/cv-1010001.b,1095584,6a9d0f66f60d8251e452de4c17cff121
cue/cv-10115-battle.b,153472,808f84703ecfe5a244c65ee731ea3516
cue/cv-10127-battle.b,242336,f50b1028a68b90d08e3b219427b0ce33
cue/cv-10325.b,1644000,ef23289c46b95ada59aff4ff1477b674
cue/cv-10126-battle.b,183456,48b1b6f3f90d7fbb63d68a217d77ca04
cue/cv-10212-battle.b,439520,bf5b4e6b7c48cecbec26e09fbe08a759
cue/cv-10133-battle.b,120896,d5114e346e1dc03a2b92025ee166537d
cue/cv-10134-battle.b,114240,90002b80597d1fdd69abe8b949f7c48f
cue/cv-10129-battle.b,101536,fbb8622c9fbdb91a2d258f3757622e62
cue/cv-10113-battle.b,148160,7c473e627a1f11182d56e9a88619982f
cue/cv-10135-battle.b,259360,b51bbd58dc3e697499c6c0f2d55e6a4f
cue/cv-10215.b,1316096,86d189fbe5bccc9a4d5024764153ad88
cue/cv-10208-battle.b,282752,b7458e0f3f4fdbfc5a4f7b031b0b95e7
cue/cv-10221-battle.b,233760,e46ace3aa8af8cbbfba4dec682f8f3dd
cue/cv-10124-battle.b,157312,fb04e2d3bcb00fd23187749d4b900d22
cue/cv-10216-battle.b,208832,e3540dbb0c380827266410247ca0c5a8
cue/cv-1030001-battle.b,248704,eed1a4048cec6bd61e2814eae3408f67
cue/cv-10000.b,1451648,8471cc78cc115e9b3e2a5f10a4fca67c
cue/cv-10225-battle.b,203040,c5086030e0d496170f28ee87babf0410
cue/cv-1040001-battle.b,278912,327c279fa215c54d93b1382bafa2872e
cue/cv-1030002-battle.b,236864,ea7a89a4cb5fd484715353443b3ccf80
cue/cv-10226-battle.b,229376,d039635f80c59e0eb5f4f6d36dce79d6
cue/cv-10002-battle.b,235904,a89873445a8d0c69c7292c886c2a326b
cue/cv-10324-battle.b,187104,662a95ff0989697a0a542758595222aa
cue/cv-10112-battle.b,116224,4ab7c7000a722f561ecea152aa436420
cue/cv-10311-battle.b,200160,4b8e64d6a1db86cdaf78bb8aa1144ded
cue/cv-10210-battle.b,262624,266497d3bdac2c0a72c0ae2ec3a26623
cue/cv-10109-battle.b,154304,e932a8a1c34dca2c06756082f904dc9d
cue/cv-1030003-battle.b,244640,49b54ce1d34670d4cec81c2621e32f9e
cue/cv-10102-battle.b,295040,6079a166b1f12c81eea3cbf36a8ca209
cue/cv-10224-battle.b,122272,819d55712ace08a4763efc36c5806538
cue/cv-10108-battle.b,122336,22192382615b733d3538162d3af798bd
cue/cv-10214-battle.b,270176,830393392a0ad04f0b9af4dd0154a53a
cue/cv-1010004-battle.b,282144,247569cbe4aa0a037b6fa32820dd4347
cue/cv-10211-battle.b,98912,7942ae8c332775b259c920325cd0c8f7
cue/cv-10215-battle.b,186816,79700025f257573272a531b6ff75cdaa
cue/cv-10220-battle.b,162176,1114f003b07cef8d65cb5a6f3caca7f4
cue/cv-10213-battle.b,195584,ba4b2fdea6eb2d68f82303d754e44d5f
cue/cv-1030004-battle.b,92896,e793d67a61bf02a1401561e6df48beb4
cue/cv-10114-battle.b,156032,66bed36385846a6dc7f10f280f123e77
cue/cv-1030006-battle.b,180800,758953bf20d260ad3c98afa070bc53f1
cue/cv-10107-battle.b,190240,3b2934d670dd1ae17d0235b66a462b92
cue/cv-10219-battle.b,181088,157e5c74b64c582222d0eb72233711e4
cue/cv-10302.b,1415232,8b845ed1213abfb8706de6eebfaa3dbc
cue/cv-10313-battle.b,307328,29635d5725ec5d5006ceef97e9121109
cue/cv-10103-battle.b,116320,8d91780972981a7b6012a4726f135101
cue/cv-10305.b,1151072,9e711e2443fbcb86331eb27f3fb2ef7d
cue/cv-10209-battle.b,159008,c7f7066bbbaf30eccef964997b8adc81
cue/cv-10304.b,1077632,2ba1553eeec3e1fb41ed6b9f0acda01c
cue/cv-10104-battle.b,129248,c3c6da0a8d71be536a846e1b65d33f67
cue/cv-10206-battle.b,122016,d6ddf612a5fe58abb7f93302c7e6ee79
cue/cv-10309-battle.b,154240,5de271c04eafc25c3bff4ef57337d4a1
cue/cv-10106-battle.b,173856,d291ec856a589c069bbf616205696b84
cue/cv-10312-battle.b,259840,5378167324f08697f467710c4bff6a55
cue/cv-1010008-battle.b,176832,f88c1467f59c497a556e9592c8fd7601
cue/cv-10306-battle.b,147008,c248abc0e38ff2a13a9f2eebcbf813e6
cue/cv-10105-battle.b,120288,84d2ebaf7c8f11812dd10cc8516f9947
cue/cv-10310-battle.b,128704,909f7198fefca21c9f68f7715d606529
cue/cv-10001-battle.b,113856,bbb9a56a33eeefe6ababc5ba22620e1a
cue/cv-1010007-battle.b,164096,8be9a89f9a1abc767930a7c83d2a58db
cue/cv-10504-battle.b,300032,d095afa95838e1f7835db2a17eafc32f
cue/cv-10302-battle.b,96160,fd4374e131a687d5326ae7038e71b5d9
cue/cv-10305-battle.b,171712,788842d0bfadff30034ee42d117fba48
cue/cv-10308-battle.b,176928,e6ddddc5bb32e90b5dd2d2a8b0d0cd0e
cue/cv-10301-battle.b,106048,3e2b807f6f673cc082542b5e2e2dadb5
cue/cv-1010006-battle.b,149760,0ba730b16ee31dbf6b6ba8cc7ffe5aae
cue/cv-10304-battle.b,71008,720202adce76211155d2149a02cd6f8a
cue/cv-1010005-battle.b,165760,32840d88c230ceb532d991c1d6a18c42
cue/cv-1010003-battle.b,132992,4221e5ad00d09d40065024166b1880a8
cue/cv-1010001-battle.b,185856,2dc17a04333b336ec4923c5603c858ee
cue/cv-1010002-battle.b,178880,8cdab324359a8826a902d9da330d6ba8
cue/cv-10000-battle.b,284416,effe9cd41a900ab63d73fb72224dc251
cue/cv-10303-battle.b,85888,ef81755a8e471a7f354efc7df0f0e3a4
cue/cv-60802.b,3648544,844a33ba6fe729523be5abc345b6e52a
cue/cv-970301.b,2388832,204f2eeec3f45b34e117712fb26c36d4
cue/cv-60503.b,3673696,fb5d9c9640eaee67f7b368f27200a644
cue/cv-407023.b,1933088,22cfa4be3533d943f4af4191838a42ea
cue/cv-407013.b,2241440,244ffd4f472aece4d99197e73ea78a08
cue/cv-60202.b,2975264,22489039807c222536057efac718bc43
cue/cv-970301-battle.b,169088,42d84de9b9ee53872db02cadae2e9131
cue/cv-60108.b,4373504,53009c92889f2ad6bed8b14bac544368
cue/cv-49906.b,2698880,f0adcc4dde51347345b2a21cb9e9ad13
cue/cv-60802-battle.b,232192,e0d7e2bbd8236da1a105145794822c25
cue/cv-60108-battle.b,335200,3545120e60ef90b37a84e93292f9a5ec
cue/cv-60503-battle.b,257536,706eb80743270bbec300aa3b95d72740
cue/cv-60305-battle.b,351968,38ca5f376d1150da33c6aa389df7a208
cue/cv-60202-battle.b,214592,164278844e2990ba9237e70d90e5882e
cue/cv-60109-battle.b,269792,f7664a04ee01e4da501411498f86bbd4
cue/cv-30318.b,3729664,161f22d5f8c7648da2345ea01d296336
cue/cv-30211.b,2757440,30d98317ce3c43f34b1245bcdcc09bf5
cue/cv-407013-battle.b,289152,12ea156ac817088548fff23264522d6f
cue/cv-407023-battle.b,253472,e6ed195318242fa48d65c5eb031c7061
cue/cv-30318-battle.b,278528,c65010db4005fea589cdf127f2dc2896
cue/cv-30211-battle.b,196960,c35163151655fe199448076591c7b81a
cue/cv-10314.b,3288224,260b267469d11d5dd7a449d70e54ffb2
cue/cv-10314-battle.b,333280,f7e3e86baf6c5b1bc6189efeecde98cd
cue/cv-40809.b,4249536,c32dc5a4383e88a55e07c45c5fce3db1
cue/cv-70204.b,3567392,56d937140e7e6adcc5f4554dad63b61f
cue/cv-40601.b,3698880,08364e0b76efff55e688d0841be16f75
cue/cv-40405.b,2953248,da952af20f96249bdd3db7a7f223efa6
cue/cv-970202.b,2073504,7f8fdea1fa7fd94b31883deab2c67316
cue/cv-970202-battle.b,229472,85172f81efeffbd0a084784be8947c86
cue/cv-40206.b,4072864,f0a1e82298428958113672f40ae1e467
cue/cv-40302.b,2737184,12f0726315a538d86e814bb25ee1d3e2
cue/cv-40809-battle.b,230880,7c30070899b17ffa942043d16bdd579a
cue/cv-40206-battle.b,613408,bba28bb18740f5d8a80bc6acf872910d
cue/cv-40405-battle.b,408640,d3c1f253c55a3f4c2267c8bf29605a10
cue/cv-40302-battle.b,354432,4e154aa6df21f35df671585ebad17513
cue/cv-10707.b,3305792,bf195c15368190aa7fa7936828cca3fb
cue/cv-10707-battle.b,324256,eb0c0febc988ead7b6066d510e4813ff
cue/cv-970404.b,1846784,f3598faf2f3824bcf68e62f76c7b718f
cue/cv-9704043.b,1846784,71bc2e03c0ef890c862694492e4b6a54
cue/cv-40124.b,3336544,e5b359c9677d7ebce022e9d11b7805d2
cue/cv-40116.b,3009184,e785595c02bcc7d592ed1c1f49636809
cue/cv-970404-battle.b,140032,bed8a0e9f8f6e32b594f0a83b6cd0aa0
cue/cv-9704043-battle.b,140032,6e9e49c4dc9fdb9f89c4e30ba310bd3d
cue/cv-30188.b,3652544,1935f2c445f600bb419f859e8f9836d2
cue/cv-303123.b,4058592,b791eacfb964ece3ad839c20289dd897
cue/cv-40207.b,6375360,f24dfada45bd98f1dd7307d38279175c
cue/cv-30104.b,6026720,9f140a855d1f2a81daa8ff43e78a54e4
cue/cv-305073.b,1631232,1bed2d605ea508084a5405da3adb129f
cue/cv-40207-battle.b,458880,e47ad9adffdf59e3535392be9a3cb7b2
cue/cv-40124-battle.b,420800,6b071a60b38bf540c9baaf5565623c51
cue/cv-40116-battle.b,378912,3b2560d9d4b946c2f279db75a49fee98
cue/cv-30506.b,2845888,aecaa27ea3c3069f3cb20627d1249245
cue/cv-30510-battle.b,445760,28fcab6a9b52d0b7e781386cb623c8e2
cue/cv-30506-battle.b,392992,fd557408ea6fce411c857b44e9777cab
cue/cv-204043.b,2085792,cfbff0151dc4984d7b922e1dda1269f5
cue/cv-305073-battle.b,240992,00a40e21eaac7c5c3a77a4d9906a3ce3
cue/cv-303123-battle.b,450144,de22bf37e8aea202a0ae247fb20cd8f0
cue/cv-30310-battle.b,372704,c4559796adfc5c2010da24666132c921
cue/cv-30188-battle.b,274592,eff2b691eb282884349a3cdd19a965a7
cue/cv-30104-battle.b,572928,9f737b418d2ebc524a9f60086daa94fc
cue/cv-204013.b,1340192,951d41bf93e5afda268fb46b6aa236fc
cue/cv-20302.b,2154624,0bee9171bfdbb14870fa65638fa68657
cue/cv-204043-battle.b,177408,435049248ce4501d9dabcedab6fafb3b
cue/cv-204013-battle.b,214080,d8c29da28508755e50941062c868da56
cue/cv-20302-battle.b,238720,ca052351ead76d45959188ecebadef84
cue/cv-80108.b,3439840,748c5d8ecb5b6e393fd95b3fbf713065
cue/cv-30505.b,7014464,dbfb069004c84e472aab579dcfadf9ec
cue/cv-970101.b,1754816,1fe43ab048d368fc17d66b1fd8599aa9
cue/cv-50601.b,4548896,29429f503aa3e913ec3b1fe7a3cafaad
cue/cv-40403.b,3755296,bb67557aea9eae6c0f7f010c3617b6df
cue/cv-40128.b,3196160,9794a86a610a489ba327721333ca972d
cue/cv-970101-battle.b,158560,b85ce6f827307458edafbebd25497d94
cue/cv-80108-battle.b,398912,1577ebb3bd309c7993cdc48ce9fd6e20
cue/cv-30162.b,3200576,a13ca086017007413d883c7d05797a60
cue/cv-40403-battle.b,533056,afbde28879965346789a8a06a7f41d9d
cue/cv-30510.b,4275808,e5d790c6c64e176b2adb96941bd607ec
cue/cv-30161.b,2407680,8f7ec86d3e3491eb06524f8f60eacecf
cue/cv-29901.b,2917888,ddb3edd228a1581abfd5aa792c938523
cue/cv-30505-battle.b,565824,2d16780a53873dd26ba24f0990f7d640
cue/cv-30183.b,6328960,6e390025bb0db6088738d7d78cfb2b84
cue/cv-20207.b,4291840,e9583fd29b8e6c2f8ff473fc6dc59c92
cue/cv-10207.b,3783200,c6751843c3caa1926fa088eb126de77c
cue/cv-30183-battle.b,300544,30e1928ed8153232d11e615ab881680a
cue/cv-30161-battle.b,195456,47a5d319a50c719c535db3f7a63f1f91
cue/cv-29901-battle.b,389152,9aceeacb2f43c5d7af0a7f4a63efdc21
cue/cv-10501.b,2176640,eb274534e5a2778e8d963e7fa49b13b2
cue/cv-20207-battle.b,290560,4dec3f1a89c92127cbf62c1a1a76c32b
cue/cv-10316.b,4782528,a0ffe4efeffa6699e6b091358d46a4a4
cue/cv-10501-battle.b,198016,6895bc3966cd160ed82a8066baac0978
cue/cv-10111.b,2276096,fbb745c8015475b49f90de6dc9b510da
cue/cv-10316-battle.b,439648,dc983fff4f880f9846bc3f90c497dd35
cue/cv-10207-battle.b,441856,9c320b03367c39cf0e6eb2bde89b4120
cue/cv-10111-battle.b,285664,a074e2ac3367111c9b9e4c1b211fbb8a
cue/cv-40313-battle.b,341056,fe3bdcd92e6649457fc4a21a52c85033
cue/cv-20607-battle.b,411264,bcf7f95d3ccb201b76f913cdc57175aa
cue/cv-10502.b,1790464,24b1f9e38066b8e9bd5d6bde3c356a64
cue/cv-10502-battle.b,142624,a2d29d7c073bf120b946806c38745619
cue/cv-40208.b,4431488,e82f5398dede5346c751f918fc1e56c0
cue/cv-furniture.b,975008,8468e3b533cbba013a16a4ff3f902244
cue/cv-1090004.b,4511936,498f043d528e0fc91558dd9e33bfb80f
cue/cv-40208-battle.b,328384,66dfcaa9261deb3f99b536d35e0a7115
cue/cv-1090005.b,4259392,944a3910bf5b789b18c09f5c25a9e9bc
cue/cv-1090002.b,4101312,2559191a520fde7e783e3384a2e9d282
cue/cv-1090003.b,4512416,be0bc9d6a914c77c4072fcf4ae8ed299
cue/cv-1090006.b,3247296,982098b4cef490ee9da566044cc26f03
cue/cv-1090001.b,4504768,1c9748f09789cb9f4c156a4f6a90211c
cue/cv-1090006-battle.b,303488,d7c18905aa18805c62fdd9a49ea57834
cue/cv-1090003-battle.b,280736,3a0bea3a03ffd8df3434dca82151d487
cue/cv-1090001-battle.b,280032,5ade55c6d491a66ab7cd8c9695c8c2e3
cue/cv-1090004-battle.b,233280,74de94e6957825239ca6414a6e332f38
cue/cv-1090002-battle.b,233120,532a4578008148c464a0c30bec9ad87c
cue/cv-1090005-battle.b,222368,ec84c493a577691f48beeac9669d7413
cue/cv-970503.b,2180000,b466b4b004705794b03aaf3a1ab176c3
cue/cv-970503-battle.b,142592,3d7949db6ea2149731e72c452e584331
cue/cv-30221.b,7043744,b363acfe19828a25ebd66750d4cba7bb
cue/cv-89903.b,4087392,fd3068d25f6cfc42c4ed4922914baa6b
cue/cv-60305.b,4073696,d2ababfa0aa9a6bce32a2a06f5fefbcd
cue/cv-79901.b,3808864,0cd5021721a4ba93b399d0d497c074ae
cue/cv-970102.b,2466400,a6f0c2479b8659be0f5edb3387bc03bc
cue/cv-970102-battle.b,186944,afaba8c81cb4803cd91c0afeb23e3c5d
cue/cv-79901-battle.b,275200,d19a0580912b85272512fd3a0c9eadec
cue/cv-30607.b,2915040,fd9d0a277a278ba859f26405a5f5bded
cue/cv-20230.b,4234752,6096aa0b24d339ce904f19167c05ce18
cue/cv-29905.b,3487936,0a11c3ee58a6238a5d4dac5b4819bd89
cue/cv-30607-battle.b,373568,97fbc0720a8339e871d6203312ae715b
cue/cv-30186.b,4057888,427b1e5158c6c65e2b9ba9e0e2ea437e
cue/cv-30221-battle.b,389312,c0240d7535a6084e2549dfd3a2c0c6f9
cue/cv-10223.b,3590016,fb3e893404f5d2b543ed981931ce2951
cue/cv-30129-battle.b,659840,72738e872a5e10a5ac39bd8aa836dcb1
cue/cv-10127.b,2709536,380e75322833642a1f5f9475a90a0748
cue/cv-29905-battle.b,317440,68f429feb8b07a7144b4f16fb5221eaf
cue/cv-20230-battle.b,392256,a50582dbde00df75bd6992cf006102b8
cue/cv-10723.b,4133184,74fdfaad0398e5e233bf1e47775c2287
cue/cv-10223-battle.b,316032,d45406627f260b5cfac2126bd30ceb50
cue/cv-10150-battle.b,259520,851c4e128b81f9212a7a01a886eff3da
cue/cv-10727-battle.b,225216,015ea13673ab5d91c2fc62437752e4b3
cue/cv-10712-battle.b,332992,35917febf21c51551c86fa0bd78c0f1f
cue/cv-10710-battle.b,449472,3f803b4f4978f268a265720598a64bc3
cue/cv-10326-battle.b,164672,1ad7199541b526320dd9ca9738f926a5
cue/cv-30220.b,4609888,1a634294a7a32ca1fe809b65f98491fe
cue/cv-20509.b,3699552,1e4f0f874a4f9c86940ef79e729fc0aa
cue/cv-10806.b,3232320,6292a50aaa3a5fa283e23c764bd8ce2a
cue/cv-20509-battle.b,294240,a53835b3b6a3aab6e20d840466eabd5f
cue/cv-90113.b,5092608,1fe586c8f8abdaefa31a739612275cf1
cue/cv-50204.b,4626400,d2f2c085d2be06e9578e237dc99d9772
cue/cv-50205.b,4064768,9b6482172b3d16fedfdf219352218719
cue/cv-506012.b,4116576,7ad071e39caebe99c9c63885063725d6
cue/cv-49907.b,3329472,b5d6d24fa12b8a1ef6effedf8896aa2d
cue/cv-49905.b,3330656,4d5c260ae745006197f197b9b128d830
cue/cv-50102.b,2236288,024cf319bc0b5d593884dba231a93607
cue/cv-90113-battle.b,514976,9f4173ed56f12597ca0ba3227fc8220a
cue/cv-40808.b,4269856,97e8696ce3dc1ef549c590ffbe9f33d1
cue/cv-70205-battle.b,331936,80109296f2ef64c77c2a6186f9ad3c01
cue/cv-40802.b,4941344,ea0a7511375b54f07efe0f0b145e9fec
cue/cv-50602-battle.b,302272,c35dcf82204f8544909623fca6c7052f
cue/cv-50102-battle.b,232576,50e8c68e5ad8b209afdfb99888db737b
cue/cv-51901-battle.b,208544,10f0f13cdca411fa58881b636a77b14a
cue/cv-502012-battle.b,234048,ad90c2ef97febb0fcafcbc83a6f184d9
cue/cv-49907-battle.b,366560,c4886bb7056c3b5538fdbf2306400e65
cue/cv-40404-battle.b,545824,fced9ed0c8d56c786013192500bf9da0
cue/cv-40808-battle.b,250912,06a6b1cdbe1eb13441042c7786b924fb
cue/cv-40802-battle.b,345280,9e7948c18f4c852343450b998bcafef0
cue/cv-30126.b,6001088,e99a68647c231edb5d84f6d1b9326896
cue/cv-30126-battle.b,369792,70256608992eb98bc6300b801bd5a678
cue/cv-20608-battle.b,303104,ea6a60eb772b7afd9a7faa1642570810
cue/cv-40602.b,4256704,c7468ec8a9014327c52ff4c8d8ae10b4
cue/cv-40602-battle.b,330912,c133939bb9d2ad95697bfa40de36e096
cue/cv-30310.b,4981888,0b957dbe46742355ce739ad7075a9317
cue/cv-970203-battle.b,136128,7efc43bdccd6db08bc013a8e22ccff77
cue/cv-970203.b,1635488,7e0d81c7d20d432103f7c0d0853e9771
cue/cv-20136-battle.b,282816,c7bedbe42ef771414bc662896304f82d
cue/cv-30147.b,4335968,9a3b8d79dbd5a879ffaef2a2506073c2
cue/cv-30147-battle.b,329632,3273224925d8f07fdbf1e9325b36a32a
cue/cv-20135-battle.b,342368,aeba86ba3c9d729d7e6417aadfbea8a8
cue/cv-20135.b,5960608,6f6e7d25d133c4a119fad2ceb49647ff
cue/cv-20514-battle.b,237472,7947ec121513c80c785a40c65b536bbe
cue/cv-20707-battle.b,475584,54a1de82f3bc08f94f946dde1b8eb47c
cue/cv-20233-battle.b,378784,4e575d27b41a796fab4b46d3f2104b2e
cue/cv-10227.b,5655520,0129727bc8894bb2bc8820f356169748
cue/cv-10227-battle.b,315872,90e7ec36c90db8cd0f84a96a28790e75
cue/cv-70507-battle.b,245184,8a120dc1ceb7764b6ca987739c18aac0
cue/cv-90103.b,4474848,753dcb5f4d7cc506b92097f71e265e8c
cue/cv-90103-battle.b,571104,6acfd1e34cb4b918b1b7773f84f4a5c3
cue/cv-30511.b,7142336,78309612dd11caf65ddb6d2e105e89bc
cue/cv-30701-battle.b,550496,1b8d5b4ddc3d453a86bec8ea284d5641
cue/cv-30701.b,7479712,2ec6e0817b5d9f32b916608dbeac8bbf
cue/cv-30511-battle.b,567904,a97429daa1b7170d567d23333dfc7590
cue/cv-1060008-battle.b,340192,1d37186cf7aea9192f8d8b2a3dcdfe19
cue/cv-1060008.b,3971072,08a47f4a9fb6b867992edc8217d9a87e
cue/cv-1060001.b,2883648,b72374c5532fbdb35f67e79aff08f799
cue/cv-90701.b,3963936,0c3b995010b7a50fe6bc39e153768759
cue/cv-970504-battle.b,200032,a505ff96e1c3d2eeee34559394f2163d
cue/cv-90701-battle.b,283936,8f4ec379ba0170bcd4d92322d7f2256b
cue/cv-971201.b,2013568,cea312fa0f020324cf0e9a5228868c84
cue/cv-970504.b,2081408,f560f932a759aace3b999b78a0945878
cue/cv-70207-battle.b,235616,46fbc6400d73ac87f9bef22fa205a3f9
cue/cv-70302-battle.b,323328,a0e458af63faeec41a37a7ef2c4be2e1
cue/cv-970204-battle.b,175552,bdea0a656abf364348a9da341b9e5d61
cue/cv-970801-battle.b,139328,b41506427beaa613fd331585053ad5b1
cue/cv-90302.b,4550144,e3670b21e646d3741dead83ace9dd9d2
cue/cv-960001-battle.b,285120,d35129ed59ba75f8e3436ca9af45468a
cue/cv-971201-battle.b,170432,44aaae3383f575179e531e810f50354c
cue/cv-70102.b,6253824,51903cf5e2e1d15838e7276202fdd655
cue/cv-70202.b,4873056,0baa21801f0bd07937d27dcf67fa452a
cue/cv-970204.b,1910240,b0a3db5651e09fc4465a1386697a3225
cue/cv-970801.b,2097472,92b2afc5d4bc028401ff7746aaa801ce
cue/cv-50201.b,4901760,d559767206937f7da5098f4975bcff96
cue/cv-60304.b,4721408,c863447120a911fd03c2f15169be80bf
cue/cv-40505-battle.b,718016,faf45b80800b31a2e4147e1d8da31def
cue/cv-50103.b,3856320,6b35ca0227444979c039720e2bf6d371
cue/cv-70202-battle.b,503840,e7018a91ca40f211da54c4c6afe210e6
cue/cv-40801-battle.b,201728,ed8a1fd9ad76199d92b2665966954b96
cue/cv-70102-battle.b,411776,e715cef91ee81ca5be2736279d3b35d2
cue/cv-40210-battle.b,364032,70e1230687fbb775d029b0f13836a773
cue/cv-60304-battle.b,315200,f0a41a2199edc6df4e3e9633a53518d9
cue/cv-40603-battle.b,348480,d12be07f5d4a4ac81013bfee08da49c1
cue/cv-49903.b,2291872,1a18d16b918e6d193d3826a75a6cf473
cue/cv-40309-battle.b,213728,2d1175da323143b459d5f9df9cadbb88
cue/cv-49903-battle.b,197536,30e7fdfc52b38c2d193b707440acc95c
cue/cv-40801.b,2528160,0cb34ed1bfce897c98e2c667bbb9d8d9
cue/cv-1060009-battle.b,336224,2f325ebc6b2a31a27ab00158b4ea9ed4
cue/cv-40199-battle.b,192576,def8e529a1efcbf4b873ca657e288fd9
cue/cv-40135.b,2355296,eb463bd995c4d7c29f3337af39762499
cue/cv-19903.b,3294464,aa5d3a18924b30998fe7d8a3e0af481d
cue/cv-30157.b,2033216,95000b714c50d545fcae0dba30157fc1
cue/cv-20503.b,3693664,2ccdabe58ff13a892c091bcf4224a853
cue/cv-20503-battle.b,261632,608f04f88efaa6a5c71c1fd9498a07cb
cue/cv-19903-battle.b,392480,23026e10086ee1f15637eb0222e5fe2a
cue/cv-10517-battle.b,568512,8c9c4d508343e1591753fbdd1b69a4ee
cue/cv-1060009.b,3739488,5d3f12f8467a01d6119ea88bfa4edca5
cue/cv-10520.b,2613376,49ec84ffa89bcda6c6d467c63174ec08
cue/cv-10517.b,5590112,b6b323f5c21f2b4fb511270a3db044c4
cue/cv-20209-battle.b,328928,47911c85e314d8354fc4854f63993e3f
cue/cv-10116.b,1906016,f0ccd0cedf706b71fbe5de16596fcd22
cue/cv-70203.b,6278112,471fbda8ec9cd28cd3a3eda57cd7f069
cue/cv-40309.b,4893600,4a83774dbbcb58e0dfc471f10b4fb736
cue/cv-70203-battle.b,327072,4aae1279051ecfd04fa1cfecbd11c59f
cue/cv-30405-battle.b,344352,9b1a48fcd2e8b52cbc17dd8f1ff4fb6b
cue/cv-30405.b,4153504,ed3b126f4d1849092e93e550db17ab17
cue/cv-20603.b,8254016,77aea79371d996b17034ee331562ee86
cue/cv-30105.b,10963808,85503b115ff59e3a7f5b8ba91de82259
cue/cv-30105-battle.b,1117696,1440832f60a2c439aadae5b9f9232548
cue/cv-20703.b,4737696,55d365451823744c706642cdf9a40eb8
cue/cv-20703-battle.b,291424,e69939917739efc204d1a4ace6e915f8
cue/cv-10209.b,5380448,e35a5f509db892b47492c671574a0048
cue/cv-59901.b,5242624,b8b704565b7512622c002a23e21b40f0
cue/cv-89902.b,3593952,96cdaea8b727fdc7434441525dfde359
cue/cv-89902-battle.b,359264,ddfc7170f53a91d698f27fe4d8628fc7
cue/cv-599012-battle.b,247072,464dcf89bb5cf5a74068334f877df412
cue/cv-59901-battle.b,302656,e9417b85f17cbf73c850571cd03467af
cue/cv-20227.b,6232384,ba4bdb23b245c4fcb1ee0a95804d6158
cue/cv-502022.b,5343136,9cde019f91104c0e5aeeff09dd3a6c82
cue/cv-599012.b,3970496,404df958deab952abd412f9271898503
cue/cv-30707.b,7329440,abf2d68bf990122a7dc18162e93cd721
cue/cv-506022.b,3164640,3a213d25fb1d56b86a6c33e2f68b24c3
cue/cv-519012-battle.b,174400,b2a98fc42740185c3d29759be22e5de6
cue/cv-506022-battle.b,212512,0c0813669aefafc3eaa23bc727648063
cue/cv-502032.b,4583360,0a3ecffb92bba0a9e9e6fc63ac2fd63b
cue/cv-502012.b,3969792,c998c6264fe30af24258c4a0b8d62bca
cue/cv-60109.b,3611968,9feee74d9245a09fa670850d02d45512
cue/cv-502072.b,3446656,4981fb781b6aa06317832ea8d2027249
cue/cv-519012.b,2915232,fdcbe1b4ac9ea5f9812a3ab8e075d39f
cue/cv-502042.b,4093856,d51dac431a9df96471387cbe72be2110
cue/cv-501022-battle.b,197632,972c198a4e63e6df946ebf69e48a3602
cue/cv-502052.b,3452512,a51d243142a1e7719e864921da446986
cue/cv-501032.b,3060224,f751fdeb971d1d58667b95e201e49e85
cue/cv-501022.b,1905184,b3973dba76391808992573f7535540b0
cue/cv-40502.b,4313952,5db904bfe0b766675275f5f880a5deea
cue/cv-39903.b,3257728,59dea6d2dfd18259ed93354ade89626a
cue/cv-30707-battle.b,576064,5a85dd452e68b2864291ec5b68a159a2
cue/cv-40502-battle.b,144640,fc0d202a47a5bc250c8e2ab20503a81c
cue/cv-30713-battle.b,308864,ea47aefcbdb2405009b51b184aff5396
cue/cv-39903-battle.b,332544,350f13753de84b9471ecef0800ff0775
cue/cv-30132.b,3401920,2e30cd07b583ad8d46abef965498815b
cue/cv-20713-battle.b,350240,597944a5391fbbb2d31bdf8ec545727d
cue/cv-10714.b,4135264,95a17f4d83c7a6742543a21b2c8f77f6
cue/cv-10714-battle.b,277088,c5b8fd0ebbdb993ae3a9b33def104586
cue/cv-20301.b,3809760,003826de512e2765af6d58de3b3d2d02
cue/cv-20403-battle.b,329408,1d388f6ae31118d6d2028faa198436a9
cue/cv-20403.b,4476768,e959c6dc4638a155d9dc0dda938f66db
cue/cv-60507-battle.b,241536,08d4cafeaab9d41efbd31415ed4bc7c1
cue/cv-60306-battle.b,254688,64fedf34f11082b2db6eb7cdae0516ae
cue/cv-60110-battle.b,274336,00fbbda17a3b139bb28ed387db30a143
cue/cv-20501-battle.b,587104,62a6ba0cbb966a85b34c8f2fd6226003
cue/cv-30117.b,2598976,6d718a2b4e5acb0821d1379f239a3fff
cue/cv-60502.b,4594368,e8f2537dbe698a8dae01826ab558a724
cue/cv-19904-battle.b,299488,c0f7ae175140eabb62c0c285b2711f54
cue/cv-20501.b,5512096,cf1b8f73e4beb02359ad05211a0ed153
cue/cv-39906-battle.b,385536,4fc793fef086bbf69fc3d6f618d238c6
cue/cv-49908-battle.b,324736,ecf1cb89381ba5506470d89866c127de
cue/cv-49909-battle.b,412128,2967cbd9fae6ee5270a1d56ed0f81f96
cue/cv-970302-battle.b,197632,6c7ea0fb4829d3e7e60a8f4f99e4efba
cue/cv-99902-battle.b,495712,881672461dbbcfa27f41333193aa99c4
cue/cv-970302.b,2085184,0b9ef285be12a4027917126a595ea006
cue/cv-1080006.b,3161504,4af7592aef98475ba871c75a50baf7cf
cue/cv-1080001.b,3309344,5e8a8b0e470e24c7e5fcd4a2daf08d96
cue/cv-1080005.b,3070208,0a9f95b8b9ec7bc1784009578ccca1b5
cue/cv-1080002.b,3731840,6767c95e4c5df922ddcef46c4bc2ede1
cue/cv-90301-battle.b,395520,0c70b54507665c92cfb5e5099a5f20e5
cue/cv-1080008-battle.b,361120,5cb81a8d0b8b7aef0d65d2f930e9fcf6
cue/cv-90301.b,3440352,77a9c4e35a6327569b2818dabdff0313
cue/cv-1080008.b,2647712,a14edd0d43f7d908c5f1cfa91b0382f4
cue/cv-1080009-battle.b,553760,ee9b374fab60cb79f284a18c6d92d510
cue/cv-1080009.b,3385568,a239bf7d07d8de95c1a2da96f4459b3e
cue/cv-307023.b,6063936,ddfb36bd708fcff2ba06e7f3c04e5756
cue/cv-307023-battle.b,740096,edd01580000e0e5deb9b65690217df8d
cue/cv-10205-battle.b,514144,be9c0bf35d82439acc8586596c84dd0f
cue/cv-10205.b,5761856,17138ff3b20e5deefc9ea69617dc1682
cue/cv-10705.b,5158048,18f90970a1cca2a5babd2f4c68b520cc
cue/cv-10706-battle.b,780960,3da78c54ec3040f7cb22bcfa9a47d7a0
cue/cv-10705-battle.b,623552,8e71ffdab71971f74b1145a33b677658
cue/cv-10511-battle.b,273024,cc314c83c0f46d083be79c8d2336e914
cue/cv-70110-battle.b,450592,bcafbea5ba098b11ccf2b3e1be2bd55b
cue/cv-10706.b,7056896,572f018dc71de937a4169d686e123a0b
cue/cv-90202-battle.b,369184,de9e4f5ecb07c324351d6a91ee3603b1
cue/cv-80301-battle.b,269952,04720f5c32e11a6d50f35b687fa51bc3
cue/cv-80203-battle.b,292416,970a22617b04b80d31853ebdb72f463e
cue/cv-10511.b,3097440,6abe1f974a22df0345ec41657d20a59f
cue/cv-80702-battle.b,258176,a1a54c15b6006a89b85419a8e20566c3
cue/cv-80502-battle.b,270400,4902d16fdc136b04366a4f008873dd14
cue/cv-90104-battle.b,387936,269e15ca7c1894663d721febc8b6c303
cue/cv-90502-battle.b,593440,591576064d6a5d377dfb40ae8b5e3003
cue/cv-70110.b,4020096,d59535154cc37107351c1a1574a7954c
cue/cv-10807-battle.b,297152,d805190185fa330b4b5917a5488fb00f
cue/cv-31901-battle.b,524416,589ca7d7c2e9ff0dcd7cd02ab49fa725
cue/cv-30712-battle.b,468960,d4259e77c0d99bc0da4f27fb4cb24679
cue/cv-10807.b,4259776,2b3708cefbf14cc8473cf1ad6aae7f0c
cue/cv-30712.b,4338144,616bf909adbe7cb3060febab486e363d
cue/cv-39905.b,4379168,6d2780a5e3798a63d15d2a209c0e7fc6
cue/cv-30190-battle.b,266592,94dee906c14c881435a535047f1fbeef
cue/cv-30189-battle.b,343200,1671bd986899389960c11b596a815673
cue/cv-31901.b,6209920,59ab6bc368e719cac91ca52daaf0a23c
cue/cv-30206-battle.b,402240,57ba330a047a833c33651493ffee2bb3
cue/cv-30513-battle.b,268576,02c4f01abf3d264c7cd1e9c8b737e199
cue/cv-30190.b,3873760,b534d1f8866f5868e5d992055c6f1b9b
cue/cv-10150.b,3744096,cccda15cc222f838bdc9962f0c172f6c
cue/cv-10326.b,2375392,7071836a8f97026e60fc2731794f2cdb
cue/cv-20209.b,3994496,b3d6223314e9807f0399833846169f7a
cue/cv-20514.b,3380448,c1d0cc21f54ee14fab4ae991c41ff33d
cue/cv-20608.b,3366208,a9af127b3c5a96d2a7bca2d8cf574a81
cue/cv-10710.b,4037536,3b9cbc3e63bbb4e741b5a3521e875240
cue/cv-10712.b,3754048,87bb8e1888638a2fe8c68b5da27eb818
cue/cv-20136.b,3717088,a00486e89ac320a6df9a5031bba076f6
cue/cv-20713.b,3959072,d423038ca5c68a095bf05afb8077038c
cue/cv-20233.b,5080192,0876d345f94196e19379aeae3ef2f6e1
cue/cv-30713.b,2718688,a0e6481c17b8b3f3cc597f91828498e7
cue/cv-10727.b,3009184,287c476c73a66ce3fc65608c0f4837cb
cue/cv-40313.b,3234240,c4f278e3ac4778f57505adad5cb06728
cue/cv-19904.b,3443584,3e770d3f55d386994c5cfbf93a49123d
cue/cv-20707.b,5436320,fb93857e9ca85b27c4e0b2dc94c35174
cue/cv-49909.b,3955168,8edde6c8d93749efcfdf220c0808108f
cue/cv-40199.b,2977184,869699346fc8580503a2f61610edfb25
cue/cv-90502.b,4603072,8e80b015649414df165f5e7cffae1f61
cue/cv-49908.b,3395744,54a381c74b74bbae19f9fcdc46355e40
cue/cv-40505.b,4680096,f5ae379a834a7cfbe92ba2b61ffbb8c0
cue/cv-30206.b,4022080,90ec37cb1aa50ff1262698635b90a5ec
cue/cv-40210.b,3898528,c4687247fd6afc9a89eab56b8227644f
cue/cv-51901.b,3606336,bdb2c965946f5e0c416b8a3efa7e3b49
cue/cv-60110.b,3003744,88df079cbe3a62fbd15c5ed24866fa68
cue/cv-60306.b,3949600,15c7c74f013c5251c75b25f31f73fde0
cue/cv-30189.b,4017984,77ad171c104cf90dbad12113a60f8ec7
cue/cv-70302.b,3736864,a00a7b5969d1a8d100edd81d29dca4a9
cue/cv-20607.b,5101760,39d29693827d3e758c5385729e41b5b0
cue/cv-60507.b,3734976,7493b2c35b82d198cdf6ea70fa981764
cue/cv-50602.b,3905344,cb6226344679c199a8007e04f2694917
cue/cv-80702.b,3636000,c17594ed33a3c60b5e0e3a55202e8250
cue/cv-39906.b,3692064,f250f012543ad3da92a4408ef3835879
cue/cv-90202.b,3522368,1a2c35ffe2d53865f1ebddd2f7588949
cue/cv-70507.b,3771136,d31b2c047b45283c2ecab97fdf1ae61c
cue/cv-80502.b,4140800,b046ba8a77a6cf34a1bb7bbcf3897165
cue/cv-80203.b,3522272,75c21b8caf138f03322502049ee50100
cue/cv-960001.b,4604736,eaf8b6916bfaee5d8d5f014cd0ec0e58
cue/cv-40603.b,3556832,2de56e8c495bb97d3d3fd21743bc9a0e
cue/cv-99902.b,4121472,b609da466e45a6e3f1ea889b640f3646
cue/cv-70207.b,4063520,5d6290223bf762b5bd80eda06e13f61c
cue/cv-70205.b,3726976,9bb8c32510f80e3d52df95c6e92aec3e
cue/cv-80301.b,3507488,6decd4cac1657ffdc6245cff2f40a749
cue/cv-90104.b,3757504,93e4ebb825bc15788831ad1cf9a0f98f
cue/cv-20506-battle.b,440288,4761e82bb8b5e903ec6d5006031319ec
cue/cv-20602-battle.b,479520,759107384194241d435c5d6a276c97fb
cue/cv-20121.b,6808096,073d2547a6d2b6425ac19effe068353a
cue/cv-20602.b,5589312,3c62dbca6b4395b408b4c22391bcea8f
cue/cv-20121-battle.b,722176,4e2ad0de136d57ca0fb43c9975e07eb2
cue/cv-30223-battle.b,436576,6eacd0e356cc538edb55f68cabc9293f
cue/cv-30308-battle.b,204480,5ee78d0f2d3f0718294c63996c3ea38e
cue/cv-30319-battle.b,371136,90d82328cba9994fbc9809a315321f62
cue/cv-20506.b,5079392,0eb35c2612182e8ba4961131c2bb2ea3
cue/cv-40123-battle.b,694816,7deb0416e77afc73ef18f4f4ea35fac6
cue/cv-30308.b,2450400,59b72524a537abe9df2bed99f0861e6d
cue/cv-30319.b,4456192,025a0e0ecf72cd2a34a4b62e1d27542a
cue/cv-30708.b,6114816,30be2d16c6ac8cacc0b6b8a7b430e976
cue/cv-30223.b,5638432,6cf0cb7e40dddc5fcc8ec476f74f7f5d
cue/cv-40123.b,10196256,12e9b7cb4e23b6fdec8efc31ab6e92ee
cue/cv-10709-battle.b,535200,7ecb87ec0543f9f39419f939efe88bb5
cue/cv-10709.b,7995712,f87869798898895370f010073d9e6f36
cue/cv-40811.b,2464064,e846143ed7092c8c88a7ecc74a18238e
cue/cv-40503-battle.b,453760,90615a1280b2a3cc83c3995a9b7f5c18
cue/cv-40811-battle.b,230880,2f1e24d8d18986979953938378e48403
cue/cv-30129.b,5630144,e073b15238a5dea543ab2e467ed12474
cue/cv-10324.b,6423872,0f58aeeb45bef38aac2db19e3935f43d
cue/cv-40404.b,5507424,77ef73a281ce574e1dfc542a0e57b1b0
cue/cv-970205-battle.b,205952,72686616906871efa47c41b7defdb039
cue/cv-40503.b,4676256,e496432712033f2d87f5686eef9f405a
cue/cv-970603-battle.b,255872,4e88a1f1f457a0bc5792627f2a393fbf
cue/cv-970205.b,2153920,7936e998d56fcb4e63d37d357e54ebed
cue/cv-970603.b,1711616,f50bedce143c5d752f792b96adfead87
cue/cv-30513.b,3268128,cde7e8da6ca3873d2aea4b82412c09f1
cue/cv-10231-battle.b,196480,65a863da910251fff66e28f98a910bd7
cue/cv-10231.b,3109216,86ef881ed26d642b6a902d0e336b124a
cue/cv-20704-battle.b,612384,8404f1cd24ad7b0c731c7abb3822d838
cue/cv-20704.b,4076032,d30639a4552aa87b7cd957de7ad45be5
cue/cv-960002-battle.b,274112,e592bec5b680bb8b0b5b4b342bcb091d
cue/cv-50207.b,5659744,eb9c8d8099ae5b29b0820d21e72b3ace
cue/cv-960003-battle.b,346464,315c5bc2b1d968ac2b18eaf7c1e75c98
cue/cv-960006-battle.b,216032,ba2d428c25e0b8d9ac9523302500063e
cue/cv-960005-battle.b,376736,35b4ab7b1a95a9aad348682e9df298ec
cue/cv-960004.b,4222432,458591a04dab856cc7489aaab3172361
cue/cv-960006.b,3394944,22cee500aa45d261869a00853b7b6025
cue/cv-960004-battle.b,388608,d0b752eeb574748cdd5d5b463ebdff93
cue/cv-960002.b,3687616,85875e4582155993fb76f5fffc155226
cue/cv-960003.b,5170432,f5dfb0464ee1495b6c93f5acafff4b1c
cue/cv-960005.b,5688480,dc005836405046ee8b381488c9cfb4b3
cue/cv-30311-battle.b,451264,8ea5f18494cec5a3b29361a5e7c8f337
cue/cv-30311.b,5456000,d3f05d6c31b47988b0f34c859ab76e0f
cue/cv-1100007-battle.b,350368,57de225fb65ea7584d3ee69cf7c7a636
cue/cv-1100004-battle.b,322688,3dbbce987e7b0e277fe5aac3bfa1afd5
cue/cv-1100006-battle.b,414144,53004a8e2d78cae9ae144553f8219cd1
cue/cv-1100004.b,4090400,bcdd119c009c3319e2ac2f43ffdd5c5b
cue/cv-1100005.b,4472192,c7957d2a5de632a65b9278748491da01
cue/cv-1100002-battle.b,304672,e46824c4e274b523deaaee2278363adf
cue/cv-1100001-battle.b,275072,085a4dc4e3cbf3cb3a778b81d4b4e423
cue/cv-1100005-battle.b,332512,e1feeafb8ee76c4101e65e4777fd33b5
cue/cv-1100003-battle.b,338208,5084cca0dfad6ef982202ef89906d315
cue/cv-1100002.b,4085184,e27cb1917b7dfe24c4da599997836315
cue/cv-1100007.b,5139584,e93f252ed312ae9d5f4d7f7a7e1daad3
cue/cv-971301.b,2309056,a849fc46dff1bf9898942d201a892b2f
cue/cv-971301-battle.b,247936,fe3feb6026b97b4a87e4b8dcf1efa47e
cue/cv-1100003.b,4209248,fbf633b2464d6bb0808abad3c1e48741
cue/cv-1100006.b,4408704,4a77e238724b66b1695200744005a970
cue/cv-1100001.b,3299584,02f5d668ca0c2ca4f165ac40ed32da52
cue/cv-30121-battle.b,281728,89a6edb693e235e2416911b6c8af3370
cue/cv-30121.b,5068832,bcf76508abe342c8bb869a1efec749a3
