mangapic/101,747658,74397611c5e04f922333abd72f6d6cba
mangapic/130,829019,ca5c56d9c7e8a05a03d6f9c3bef5598f
mangapic/111,910185,43af412e0ce019d0a03749b0c8dd23f6
mangapic/100,488589,3b6df1486213ee1ec67d3597a126f813
mangapic/102,925916,acc36609f02eabf7a3dffadb6f0328b4
mangapic/132,1015779,dbe24451731b0c19c839f4b877b08240
mangapic/136,1394545,b1caa62a8c172253ede13c7b9c104fbf
mangapic/119,1428161,135fd5a714ce66df45244022826980c7
mangapic/117,1170528,8821f432ee108c54f62c90e4229383d1
mangapic/128,1217943,42b785bd85c8e7fab093c661c0b8edbd
mangapic/137,1098163,66b02a580ee66f19ec72654d16f2b36e
mangapic/147,876606,66cb37b6056d7f7460138a55484c991b
mangapic/145,868363,7567e5e0d5acaddbefc6e3a0493b98f0
mangapic/71,930857,5e0ce36fc05fe18df1064f3ab1208889
mangapic/141,1102037,bc482320ce16b51593addad10af247f4
mangapic/144,1256691,dacfa11f163e379ebf45cbfefe4bc483
mangapic/148,970442,28c27d32efd4fe6fd2070dd61a65e294
mangapic/155,877974,46adc1e9647556d20e453efdf7de219f
mangapic/159,832422,8dbd314f833f478975da974ff23ca2a4
mangapic/2,975357,95453383e73dc3d7c398939b170f062c
mangapic/156,1070821,0bbc8a929eed591b48e3cbf64d13e2fa
mangapic/58,1473025,3d356915070e4a3850dd135d423d452e
mangapic/146,861867,03f34efebe7290825d8decf7442d0574
mangapic/149,1135698,fefeb135f60ae5e45afc25147b3b6cdc
mangapic/161,1179503,c50f53af4e461cbc03c41ac9ac31ac53
mangapic/1,991584,8067e1fa31294576c4a1cf11ff357ee4
mangapic/81,1561716,6e5487c84e930280a3819122641d9ed6
mangapic/151,942474,fbf0f47ddde04d0c5f6cfe05139116a7
mangapic/164,1790896,81f3944ba906b4dc96d355558bc77898
mangapic/21,1111939,93abba3a932f007870232535fc01bc8c
mangapic/158,1113434,6ff04d78bcbf867456883221a3784e4e
mangapic/153,1366195,e0ce735f4b3c23c96d84fff010703b7e
mangapic/15,1121256,59591fc3f03d817d64025ebcaf2919c4
mangapic/106,671545,d22c22f277d3845e64cbdfcb41aeff95
mangapic/115,1006372,58f63aa9fbc7d94d56665a16176b22a4
mangapic/69,1186001,830e669f86203f4c5ed3e0f8ca3082e5
mangapic/54,1185148,d1d6b32867a258e57d033e153fff3e11
mangapic/125,942533,877c420998637a3a6a48e81cc41cd478
mangapic/129,974295,21a0d15a3830960846e64af047eaa4f5
mangapic/14,1239944,0c916ce9f802089168a14ae20948d139
mangapic/103,758372,daf2e7133f0788456cf5f30b78a835ee
mangapic/124,951055,edfdc8df39d94f347f1998e3d2d335e5
mangapic/40,1001617,32ce848da9f6f2f81de31f37bbd98d6f
mangapic/120,910532,2d6b37406bf3518bf36d6ad5b180ef02
mangapic/34,1024391,50e58d5180aa85cfc861ed34b2a8a92d
mangapic/143,1104872,2e53d0ce7a916279f4c41132b936e5a5
mangapic/133,860636,00059d97ec1deb59f420a871deb503d2
mangapic/52,1522118,f612b3d078357f3d9e6c5c46f0dc020f
mangapic/50,1000628,4be4980ce5240d0b8f7a027d08a9216d
mangapic/32,1039548,1674f16421f1ee79799939056a8faa2b
mangapic/107,1038358,19a0069d2eaac51567afa1e7e0485fcc
mangapic/72,1198425,c303582b8e353f4bbe8bb902b385247e
mangapic/10,1249914,6b4b6732e67dd3cfb673e932e5ff3846
mangapic/41,1108262,14708cbf0cac3d247ad93d348d98c916
mangapic/17,951528,4fef32528160394d59571a768c12b4fe
mangapic/139,1251082,e44aa7e3fb5cf7a394acc101d949e888
mangapic/18,1056544,275a18788743fff6d28a8893563a6868
mangapic/87,936609,bfcaa0bcb9bee3e845822e2bdc2cc412
mangapic/19,822932,e08b428be4baf8d3ae1b077ce1020879
mangapic/109,1432379,01c3b93df2d680a02843b3413c482913
mangapic/150,1158448,2afbd4f8cb36e7073e6043209cf4ea71
mangapic/70,1155388,450bfa02b2c48e341233aebf4508007d
mangapic/24,978950,71ef73f75870b2b78e442fa91608899c
mangapic/33,1284067,d962931c4a460e896a2214dba7a73ca5
mangapic/77,1308362,ba61e4554a53bac78beb6b8ca0501ea6
mangapic/92,1111213,00a62d5c3f601c6e81ba759afca18e4a
mangapic/78,1117958,b736a36780594b05aae52b826657b1e4
mangapic/160,1010029,d4513d78e21e39319d5034d319ec2c60
mangapic/163,1274777,998c8d79ad15e9f53db89773c04d59ca
mangapic/55,1398180,0372fcb2979b235babd04db95c4e2eb5
mangapic/105,838303,5c017b86138abae8f1fc70d8bd2cd1cb
mangapic/104,960384,15c0ee7c7f560a167d257b32b0b36c78
mangapic/11,942304,df84a2d3fbf6a2508059ed669f0aff2c
mangapic/98,710223,f02e50660a5dd7199646ee4d00478cd6
mangapic/57,1096184,12379469e18b23a10d72ec6c36302cfa
mangapic/90,916026,b13a5dbea6f8e0a81c7c0d956dedadf0
mangapic/16,1043937,9c0000242a8bf11435da52a13abeeec4
mangapic/135,1176094,2d4f986873e855f42fb2954043cdb019
mangapic/43,1005360,3d3ea8c0d33e116ab72d244e72c405d9
mangapic/31,1266170,5de64f0d088a3161f587af08eb52fe89
mangapic/60,1014027,4644e8a431a1f4fd9dea28a0052a425b
mangapic/4,952387,af2c78f07d156478e07217fbdf031dee
mangapic/62,1274621,ca84b5265db16ee9140bee9194667c35
mangapic/75,1440628,73c5054daa528bf966b4d07affc2fe61
mangapic/86,1591878,94e9c207b6d2a3dfec7d8ad3e0180f17
mangapic/93,1244426,c4c0eca2272e5c25d858d9163c2de567
mangapic/138,1781325,78da9ee7a5a634d045879c03a4ef5cb8
mangapic/88,911682,f5649ec8e9958d52605897fbdc742fd5
mangapic/36,1128082,de617a3d6492113798c772981ef9cf82
mangapic/39,1121994,1679c6e6954669af412c4694657f9064
mangapic/27,954244,3040bd79e3eabe2c9dca8ad3e4660624
mangapic/82,1105274,84d3d9fedb36fa0ee2ddd7f8670c877f
mangapic/118,1016612,8952a905ee1c216e02c5d7b8ace599fa
mangapic/74,1572143,39ebf8ee1e0f54354d1859fd3ad4a3ca
mangapic/121,968284,08a280901814a515d13c0b877755606c
mangapic/65,1264467,c630d1315b849aee2c68e5828ce68d4d
mangapic/140,1108153,0c82211b5e12444e7ba16978b2eb1a7e
mangapic/126,1122030,be8be00d0d0b5aa94be33f2264ccbb68
mangapic/131,990311,60fa87d61c010d6d10e69c7b040b7fa7
mangapic/23,873189,61f05ad0a734738e7c072a3a9bb2138f
mangapic/22,999398,0edcc3ee866af09ca1a104e1bbb20aef
mangapic/94,1214916,1ff71314d7eaae5901ff7883edaddc6d
mangapic/26,1163656,296bda0d2cf688c1862df92a7bd1e14b
mangapic/114,1347638,77c6b21be1d3bfabc076573cbaa7bda0
mangapic/59,1198642,b08152acd5702eaf5df452aa29fbab0f
mangapic/134,1285545,9e44aaa7b716e25982107460aa8b59cb
mangapic/49,1156024,98e41ec7aad2b113ba6a8147569049d1
mangapic/13,1589547,fa2e9bea0ee41ee873426e442bee5b1d
mangapic/67,1348803,9a7c5208aec09a2ce249ee7c2da42b9b
mangapic/56,1244735,1ee22ca7139f5463f82ff8d45f874962
mangapic/80,953654,aafe7f4ba1ad6e99f85bdb3666d21a56
mangapic/46,1239919,8ab0e7b401f7d727ee2e9ca7ff711deb
mangapic/85,1348822,49832a889ee23610b0065b3947251e90
mangapic/142,1404001,ce7cf9bbb4409b2c4374ab7ccb06f6fe
mangapic/68,1176228,d07d918ed865684723cc3b4c2420ba2f
mangapic/83,1141328,7fd994ea56b3be882e229644995d5a55
mangapic/5,1012012,aabbc989843696d6f81b82ee54fc4b90
mangapic/79,1052901,a1714a5d896c5ab59f37ac5ea71ce4be
mangapic/152,1449727,3fab44333a05aafd1c9aa4fa1c015ee2
mangapic/38,1192843,8f9d2f921e3e236a3ddf9307065d1641
mangapic/110,1382535,d67a750b7169e682ab174805198268d6
mangapic/73,1077568,bbf8651782e5fbdcc2760a50775abb4d
mangapic/7,806536,454a7facc8939cab8f5490d814236c58
mangapic/44,1067461,2326fd01c6b454ca2823f1cd4fbd5bc6
mangapic/89,1039124,44c6b5e27ce4244b9eab34469ca83c40
mangapic/29,1087485,35e8605284854d011b571cb0df53492a
mangapic/37,1402441,a1d9f8d305487924adcfb236059258fb
mangapic/35,1128411,5589b972b28f029830e99286b109b80d
mangapic/12,1150879,bb230a81c17a9e49d036987425a00168
mangapic/157,1159101,fbf8fe3749cc6a5f8b7bbcc52babaa94
mangapic/123,1222431,1ef22b155e9ba0a40e9e2acc4a65d773
mangapic/99,798474,3c03dfebb482fe23089d8f8bc7aba0c3
mangapic/112,1335742,2b02892434a80045a1891a58e9f806a5
mangapic/154,1288563,20bd58c5ead7f81001f3cec0cf1d6252
mangapic/20,1070063,3feb45da024b73845ec27ba70bbb3b77
mangapic/45,1224413,387822dbd02d544b893f4660768eb841
mangapic/30,1228460,a4dbbdaf0aec32376202c1f2ca310d3c
mangapic/3,991995,40eabaedd9398a7b38eb266ca701b4fc
mangapic/61,895763,ee26a0ef95666fbd777e861598be36e1
mangapic/25,1079907,45258b91d2e5d70f20fe7477e89fbbb2
mangapic/28,1031820,cefc29e10e976a99adc6f64af8149b1d
mangapic/42,999032,eb915d4b95c992193b7a3005d8e568c1
mangapic/9,1170404,f10ef50f2c24bd83c91bdfe9088e767d
mangapic/127,1048875,3729fc72ebb8ccf67e39f6e6fa3378f9
mangapic/8,1228102,4759c65894724cccb3b2f431baf66743
mangapic/63,1550070,a250695a226692cf8905a458a3324a9d
mangapic/66,1500040,e91ce1100a332f63d839f3994b608439
mangapic/64,1116645,483b7676814ae107ca482cc1e1350e7b
mangapic/162,1551689,f4fc6385049bc490af79183b4045ef2a
mangapic/95,1466785,00ab2ae89d24a7e1b61acb933a70a818
mangapic/91,921856,ca1deb6be12e9bdf4c995c187aee3ce5
mangapic/47,1529638,4dda4cfb54553fa64924adc296a266e8
mangapic/108,1341569,47bcc6c364ea59abf54ffdc2f7d0f705
mangapic/53,1198280,e0f0fe4fbe3102a93fed1ebbe9f070b9
mangapic/97,883059,3190634766d626d17da9fdc07d070f82
mangapic/96,1844093,1917cc47072e45c2505b6bd3933aaa4b
mangapic/6,1047418,f42ef6725f0523d87e4e0e851d043f05
mangapic/48,1308890,8f79be25d23a1d74c817b3b63fc07143
mangapic/84,1011923,61e76ec39a4e8e5f5fbecec4bfc166de
mangapic/174,1114852,76ba071eb3d1d784be6f81d5adc4008c
mangapic/171,1123510,1031c672a7a39475042217275e76ed39
mangapic/170,1043058,eead9fc56d059e7ef20acdf222168301
mangapic/173,1113744,fdcdf178fbf9c44596dfe671279c67dd
mangapic/166,1134999,40f5be5f3c80b775bcdf3579787c8b29
mangapic/165,1145463,699dea55485205c4de199850946b111d
mangapic/172,1294497,f8223c944c0bcd33b63c9d3e618e39c2
mangapic/167,1311614,a9eae237002717b6b2807c5bcccae746
mangapic/168,1786895,711f22fdda45f26854fe225db3915730
mangapic/175,1183870,ab36ab292ba6c24f4011a8024ff077e8
mangapic/178,1608427,29f97d35de5ad50b3eedb7c9ad737502
mangapic/179,1212676,1732342f20fe4ec12749868d6d4ab31b
mangapic/177,1437128,a4959c818f643ee363fe037cf4ecd37f
mangapic/176,1011532,aa1d24ba3a40998707f9071c9d17ffc5
mangapic/180,989940,996d40b043b79ec558d02b1ed4a4985c
mangapic/181,1054239,ca0fe80bd3b34f46b4efa0664c4debb0
mangapic/183,1299453,be541e4e1dc4c36be67fcc20a9ac64a5
mangapic/182,1257532,a3b3715be2eaa6642f1ba60fdd83f7f0
mangapic/184,1207987,a7fb6fb3af4ead2c4b460edfc4dd2da7
mangapic/116,933349,6af7a4dd39171c0761ca33d33fd906fb
mangapic/51,914423,83b93f5c75066258ed7f8f77647e0e60
mangapic/169,797308,b891590ff2eeec1ca30067faab319834
mangapic/122,1202282,a09e42e9038cf05dc97473a95c76067b
mangapic/113,1267750,c25a90a6008c0616866ef4624ef5e192
mangapic/186,1234994,4a00f7f69f641ec1a6966a58d8b2fc92
mangapic/185,1620979,bb8cf58984c3fb0761a775bcc30be409
mangapic/187,1244371,42169a8e627081c58437e78a51f664cf
mangapic/189,1211742,27bcd0d8ecd3ff3d43310267dfa71930
mangapic/188,1162021,840535b334b834af2e4c8d3316213366
mangapic/190,1145055,8b43ffa508dcad70ca6f5fe56546006d
mangapic/191,887123,7ee75f76456267a1608a709f5a9d5a9f
mangapic/194,1098416,2f8d7ab95bbe51de2bbf7169a2b24eca
mangapic/193,1088692,bfee73526a8853fc98b6829eee928997
mangapic/192,971416,5bf71b342b6c1c967796a31f76f654ee
mangapic/197,847441,0dcb164126279a8171b8d90365b56012
mangapic/198,1322064,ac97daca4741d7f893ea2a10c24d0ec2
mangapic/195,1188695,410a3e0f0f53c949c4ada7867c4a90cd
mangapic/196,1007216,e9c1054670bec30f79d76c756ec2d199
mangapic/199,1291547,be796903c90c82be82c66922f46f6443
mangapic/201,1131928,c7b1e96a8397926bc5d6157d2984c455
mangapic/203,1118870,c3fc71a57cac1d84d2e4a748caf7edec
mangapic/202,1111952,4fd653cb451e5d3ebd0e16828b1a59b6
mangapic/200,1086246,e8994447fce60b432c863a6b82ab2757
mangapic/204,1302494,33844903bc19ae242a6d63923f16df18
mangapic/207,1191681,bce25cc8f86dba99313bed31cbab5290
mangapic/209,1112784,56c14fbff80a1205c6a0036ab1eb104b
mangapic/205,1074994,3b397cc78d9d533f83d3637b970e2796
mangapic/206,1274261,d0340e463e72c814fc3fe1791565f1bc
mangapic/208,1364678,4edfba77c450fc7e6dcf352ec9a5021d
mangapic/213,935166,5cc100908f1a648d65e6d2f939ea456c
mangapic/214,1136981,4e5773a3f1083bcf1354ab591cdee1f1
mangapic/211,1150712,a2161ac8a180ec16313d411652868ddb
mangapic/212,1229564,4ac4a370de63488d5c91f9e47f180570
mangapic/210,955404,548d43ab02c0ab43a9f5e4c54058b6ce
mangapic/76,1156460,45bff07fea2171f6684096b6bc62efbc
mangapic/216,1457153,5f5ce6f2c7a69d9d2b10666651c9ed17
mangapic/215,1334594,e63d7384540702d006963adc98a0a999
mangapic/217,1403455,1cc938b1cb547ba14c57748753c743cb
mangapic/219,1395345,340d08899ead10bb8665e44f897249ed
mangapic/218,989671,7e4a46f466b67ce9116cf710520cf9b7
mangapic/224,835911,9b67444ebad24a78ddf7cd4cb8818ae1
mangapic/221,1030004,f36b2957771c4eef37b62abdcbcc7724
mangapic/222,1342250,c15e9db7e5cc119e14d22864a1bc3735
mangapic/220,1070084,2f0d64f70c28c52d38ee509a8d881ba8
mangapic/223,1300403,ebc1f2e1bfff6a3339da5d41dc38a6f4
mangapic/225,1158445,f1aaba823d178b366870bad334a88825
mangapic/227,1299311,8a830b8e2bc04a52f2e02746a54130b2
mangapic/229,1006864,32de616aa181566178384d69fc09bb77
mangapic/228,1105530,47311bc3d29c1a48bd20caec08864f41
mangapic/226,961281,c2f1d6e5432e6c45db4e9099b13169ac
